title,year,language,localization
The bodyguard from beijing,1937,Fulah,Haiti
Tea with mussolini,1948,Korean,Mayotte
Napoleon & samantha,1945,Malagasy,Estonia
Water's edge,1949,Hiri Motu,Armenia
Man of aran,1915,Kuanyama,Bolivia
Megaman: battle for the future,1912,Kongo,Ethiopia
Er: season 1,1991,Slovak,Saudi Arabia
Mona lisa,1927,Marshallese,British Indian Ocean Territory (Chagos Archipelago)
Chaplin: the collection: vol. 1,1954,Belarusian,Saint Martin
Doppelganger,1901,Rundi,Bangladesh
If lucy fell,1931,Tsonga,Germany
Bringing down the house,2021,Ndonga,Bermuda
Power and terror: noam chomsky in our times,1928,Czech,Burundi
Tron: bonus material,2005,Tonga,Cambodia
Baise moi,1978,Romansh,Norfolk Island
C'est la vie,2001,Burmese,Bahamas
Watchers / watchers ii: double feature,1920,Kirghiz,Djibouti
Partners in crime,1974,Chuvash,Guadeloupe
The day of the triffids,1973,Dutch,Montserrat
The mystery of rampo,1960,Kannada,Belize
Descendants of darkness,1911,Bulgarian,Dominica
Springtime in a small town,2013,Kinyarwanda,Grenada
Pearl jam: touring band 2000,2012,Hebrew,Albania
The hidden half,2017,Fulah,Isle of Man
"Hill ""halfon"" doesn't answer",1951,Japanese,Dominica
The land before time vi: the secret of saurus rock,2020,Gaelic,Sweden
Kingdom of crooked mirrors,1975,Sardinian,Equatorial Guinea
Making the grade,1985,Aymara,Belize
Dinner at eight,2020,Fijian,Bangladesh
Face the evil,1919,Tamil,Antigua and Barbuda
Lawless heart,1928,Mongolian,United Kingdom
Laserhawk,1978,Malagasy,Isle of Man
Gulliver's travels,1936,Portuguese,Albania
My neighbor totoro,1983,Finnish,Dominica
Dio: evil or divine,1932,Walloon,Dominica
We're not married,1972,Zhuang,Mexico
Friday night lights,2003,Sichuan Yi,Sri Lanka
The cockettes,1941,Sango,Norway
Claire of the moon,2018,Japanese,Poland
Connections 3,1940,Tswana,Costa Rica
The flintstones,1960,Tonga,Canada
To the manor born: the complete series,1926,Sindhi,Macao
Bad day at black rock,1926,English,Italy
Libeled lady,1939,Bashkir,Cayman Islands
Testament,1901,Greek,Yemen
10 to midnight,1951,Inuktitut,Guatemala
Pearl jam: single video theory,1943,Guarani,Slovakia (Slovak Republic)
Sergeant cribb: set 1,1939,Chinese,Samoa
Richard iii,2008,Dutch,Palau
Ghost in the shell: stand alone complex,1934,Slovak,Ghana
They call me trinity,1976,Chinese,South Africa
Dario argento's trauma,1937,Pali,Eritrea
Flipper,1922,North Ndebele,Bahamas
Campion: the case of the late pig,1950,Bihari languages,Dominica
The lathe of heaven,1948,Uighur,Germany
Vanity fair,1904,Kurdish,Iceland
Anne of green gables: the sequel,2017,Swati,Monaco
Stevie ray vaughan and double trouble: live from austin,1912,Macedonian,Congo
Leprechaun 2,1992,Western Frisian,Togo
It's in the water,1965,Belarusian,Palau
Samurai trilogy 2: duel at ichijoji temple,1956,Slovak,Saint Kitts and Nevis
Little women,1937,Sanskrit,Ghana
Antwone fisher,1902,Divehi,Nicaragua
Farewell my concubine,1919,Korean,El Salvador
Pirates of penzance: gilbert & sullivan: stratford festival,2014,Azerbaijani,Timor-Leste
Friday the 13th: part 3,1930,Samoan,Ireland
Tai chi 6 forms,1965,Fulah,Saint Lucia
Mountain gorilla: imax,1998,Tonga,Angola
Animal farm,1963,Sardinian,Bulgaria
Children shouldn't play with dead things,1975,Assamese,Bulgaria
Into the west,2012,Dzongkha,Niger
Brian wilson: pet sounds live in london,1973,Sindhi,Turkmenistan
Best of travels in europe with rick steves: british isles,1930,Kongo,Maldives
Baby einstein: baby monet: discovering the seasons,1991,Chinese,Cambodia
Wwe: no mercy 2004,1918,"Sotho, Southern",Uganda
Smokey joe's cafï¿½,1924,Afrikaans,Hungary
Stevie,1909,Fulah,Sao Tome and Principe
Irene dunne romance classics: love affair/ penny serenade,1957,Hebrew,Morocco
Disappearance,1933,Sango,Equatorial Guinea
Illusions of sin,1936,Ido,Bulgaria
Chalti ka naam gaadi,1932,Malagasy,Djibouti
Iron eagle 2,1963,Fulah,Nauru
Comfort and joy,1939,Norwegian Nynorsk,Cape Verde
Rugrats all grown up: dude,1920,Arabic,Chad
Delta force one: the lost patrol,1904,Portuguese,Brazil
Jason goes to hell,1998,Azerbaijani,Benin
The house of eliott: series 1,1918,Nepali,Macao
The flaming brothers,1985,Kanuri,Sao Tome and Principe
The train robbers,1972,Ido,Mayotte
Ernest goes to camp,1954,Polish,Barbados
Sherlock holmes: the woman in green,1910,Tigrinya,Georgia
Mulan 2,1900,Oromo,Guinea
Snow white and the seven dwarfs: bonus material,1943,Nauru,Mali
Clue,1974,Norwegian,Poland
The party,1924,Pushto,Australia
The 300 spartans,1972,Chichewa,Syrian Arab Republic
Wishing stairs,1937,Aymara,Dominican Republic
Die another day,1939,Telugu,Slovenia
The twilight zone: vol. 9,1971,Ndonga,Dominican Republic
Vandread,1995,Tajik,Montserrat
Pretty in pink,1907,Oriya,Denmark
Sid caesar collection: the fan favorites,1946,Xhosa,Bosnia and Herzegovina
Queer eye for the straight guy: queer eye for the red sox,1971,Abkhazian,Syrian Arab Republic
Boa vs. python,1926,Zulu,Uruguay
Lucky,1953,Belarusian,Palestinian Territory
Coneheads,1933,Bulgarian,British Virgin Islands
Kull the conqueror,1930,Limburgan,Samoa
Things change,1986,Manx,Fiji
Steal big,2011,Bengali,Belgium
Tequila body shots,1961,Japanese,Barbados
Caracara,1964,Maori,Thailand
...and justice for all,1960,Portuguese,Svalbard & Jan Mayen Islands
Ullathai allitha,1965,Hindi,Botswana
The defiant ones,1963,Chamorro,Slovenia
The battle of midway,1959,Welsh,Swaziland
The fresh prince of bel air: season 1,1972,Corsican,Tuvalu
Boy meets world: season 3,1976,"Sotho, Southern",Jamaica
The hospital,1913,Korean,Bahamas
Castle keep,2019,Interlingue,Greenland
Strangers in good company,1913,Mongolian,Oman
The lost battalion,1987,Afar,Mayotte
The manhattan transfer: vocalese live,2012,German,Uruguay
Heavyweights,1913,Pali,Singapore
Darling lili,1940,Romansh,Madagascar
Pride fc: pride fighting legacy: vol. 1,1943,Oromo,Ethiopia
Pet sematary,1900,Burmese,Saint Helena
The long way home,1927,Amharic,Congo
Lost command,1998,Komi,Equatorial Guinea
The andy griffith show: vol 2: the big house / a wife for andy,1916,Limburgan,Palau
The wizard of gore,1931,Welsh,Tokelau
Rehearsal for murder,1918,Sinhala,Kiribati
Teenage mutant ninja turtles ii: the secret of the ooze,1947,Kurdish,Sudan
Before we ruled the earth: mastering the beasts,1937,Malayalam,Poland
Quicksand,2014,Ido,Gibraltar
Why dogs smile and chimpanzees cry,1997,Ewe,Nauru
Kirby: a dark & stormy knight,1904,Kalaallisut,Argentina
Heaven & earth,1998,Portuguese,Sierra Leone
A christmas story,1946,Italian,Guernsey
Mars attacks!,1941,Kinyarwanda,Guatemala
Suite 16,1935,Macedonian,Georgia
The karate kid,1931,Serbian,Togo
Pink lady and jeff,1911,Walloon,Svalbard & Jan Mayen Islands
A bucket of blood/the giant gila monster,1946,Maltese,Isle of Man
Dancing at the blue iguana,1977,Spanish,Nepal
Chachi 420,1958,Luxembourgish,Netherlands Antilles
Inspector morse 32: the wench is dead,1977,Spanish,Italy
Kronos,1982,Slovak,Bosnia and Herzegovina
She fought alone,1968,Slovak,Argentina
Shocked,1966,Sichuan Yi,Switzerland
Missile to the moon,2004,Malay,Djibouti
Lady in cement,1965,Norwegian,Mauritania
Backbeat,1917,Swedish,Kyrgyz Republic
Original gangstas,1950,Macedonian,Brunei Darussalam
Crank yankers: season 1: uncensored,1933,Venda,Syrian Arab Republic
Shakespeare comedies: the tempest,1979,Indonesian,Denmark
Rodney dangerfield: no respect: the ultimate collection,1969,Nauru,Bolivia
The last temptation of christ,1961,Venda,American Samoa
Ride,1932,Latvian,Croatia
The juror,2010,Belarusian,Namibia
Jurassic park,2008,Rundi,Sweden
Blue seed,2021,Sinhala,Finland
Slipknot: disasterpieces,1985,Kinyarwanda,Papua New Guinea
Jubei chan 2: the counter attack of siberia yagyu,2018,Corsican,Guyana
A month by the lake,1941,Czech,Sri Lanka
Short cut to nirvana,1956,Herero,Norway
Close your eyes,2011,Kongo,Central African Republic
Dead again,1929,Bislama,Cook Islands
Dance with the devil,2021,Quechua,Ethiopia
Dangerous liaisons (short english version),1918,Gaelic,Northern Mariana Islands
Only fools and horses: series 1-3,1970,Sindhi,Jamaica
Six feet under: season 4,2003,Kashmiri,Belize
Seven up / 7 plus seven,1953,Georgian,Gambia
Eraserhead,1924,Irish,Central African Republic
The john wayne collection: vol. 5: winds of the wasteland / lucky texan,1941,Rundi,Tanzania
Willie nelson: live at billy bob's texas,1958,Macedonian,Lao People's Democratic Republic
Naked lunch: bonus material,1911,Georgian,Azerbaijan
Shakespeare wallah,2002,Dzongkha,British Virgin Islands
What to do in case of fire,1939,Shona,Kazakhstan
The attic / crawl space (double feature),2018,Inupiaq,Samoa
Man trouble,1963,Kannada,Congo
Dead and breakfast,1932,Catalan,France
Harrison's flowers,2004,Hebrew,Jamaica
The trouble with harry,1969,Central Khmer,Philippines
Back to bataan,2017,Venda,Reunion
The twilight zone: vol. 2,1945,Dutch,Western Sahara
Brother's keeper,2019,Azerbaijani,Gabon
Iron & silk,2021,English,Bahrain
Joan of arc,2002,Ndonga,Barbados
Outside the law,1945,English,Falkland Islands (Malvinas)
Lamerica,2006,Igbo,Svalbard & Jan Mayen Islands
Kiss me goodbye,2005,Finnish,Nauru
Journeys with george,1904,Occitan,Singapore
End of the line,1971,Korean,France
Assassination tango,1912,Quechua,New Caledonia
True women,1990,Fulah,Venezuela
Rugrats: mysteries,1976,Arabic,Haiti
Poirot: lord edgware dies,2012,Slovenian,French Polynesia
A man and a woman,1932,Ganda,Denmark
Para para sakura,1928,Ewe,Uruguay
License to drive,2021,Croatian,Venezuela
Brazil,1931,Luba-Katanga,Northern Mariana Islands
Wwe: history of wrestlemania,1961,Croatian,Northern Mariana Islands
Little house on the prairie: as long as we are together,1911,Breton,Western Sahara
The trail to hope rose,1917,German,Timor-Leste
Eddie izzard: definite article,2012,Fulah,Greenland
Jack and sarah,1978,Spanish,Christmas Island
The blackheath poisonings,1994,Bengali,Niger
Tales of the kama sutra 2: monsoon,1973,Bashkir,Saint Martin
Hush...hush,2000,Herero,Libyan Arab Jamahiriya
Leapfrog: talking words factory ii: the code word caper,1931,Persian,Bangladesh
Steel dawn,1922,Aragonese,Macao
Mommie dearest,1904,Yoruba,Saudi Arabia
The newcomers,1979,Hindi,Macedonia
Slippery when wet,1971,Lithuanian,Mongolia
The jeffersons: season 4,1990,Kashmiri,Austria
Last days,2009,Yoruba,Malta
Macbeth,1938,Hebrew,Papua New Guinea
Platinum blonde,2010,Vietnamese,Bhutan
The cherry orchard,2012,Nepali,Botswana
Gloria,1911,Oromo,Kuwait
Shiloh,1967,Maori,Greece
Celtic pride,1919,Belarusian,Canada
Dick francis mysteries,1986,Bashkir,Honduras
Pi: faith in chaos,1958,Danish,Slovenia
The lone gunmen: the complete series,1952,Catalan,French Southern Territories
Deepstar six,2020,North Ndebele,China
Introducing dorothy dandridge,2019,Avaric,Cape Verde
A painted house,1987,Tonga,Nepal
8 women,1981,Nepali,Czech Republic
The courtship of eddie's father,1988,Czech,Belize
Godzilla vs. mechagodzilla ii,2022,Fulah,Croatia
Masters of russian animation 1,1962,Marshallese,Malaysia
The cement garden,2004,Tajik,Montserrat
George w. bushisms,1992,Avestan,French Polynesia
The carpetbaggers,1914,Kirghiz,Bolivia
The 4th tenor,1955,Samoan,Lebanon
Catch me if you can,1971,Turkmen,Guatemala
In desert and wilderness,1957,Turkish,Chad
Silent warnings,1969,Pushto,Brazil
The unborn,1966,Norwegian Nynorsk,Bermuda
The alamo,1971,Kannada,Macao
South central,1934,Kikuyu,Niue
Saving private ryan,2014,Catalan,Russian Federation
Vampirella,1976,Aragonese,Croatia
Undertow,1993,German,Cambodia
My chauffeur,1976,Urdu,Christmas Island
Little rascals #1-2,1988,Maltese,Aruba
Rules: pyaar ka superhit formula,1928,Polish,Russian Federation
Legend of the red dragon,1954,Kinyarwanda,Singapore
Wu-tang clan: disciples of the 36 chambers,1944,Bengali,Thailand
Everything relative,1967,Sinhala,Rwanda
Yu-gi-oh!: the movie,2019,Venda,Haiti
Ambush,1945,Belarusian,Barbados
The locals,2008,Malayalam,El Salvador
The bible collection: joseph,1975,Kanuri,Malaysia
Poirot: murder in mesopotamia,1969,Malay,Palau
Petey wheatstraw,1900,Luba-Katanga,Macedonia
Eye of the beholder,1944,Pushto,Dominican Republic
Gardens of stone,1933,Afrikaans,Dominica
The fall and rise of sherlock holmes,1987,Ukrainian,Sierra Leone
Murderous maids,1918,Irish,Netherlands Antilles
Superbabies: baby geniuses 2,1936,Gaelic,Tonga
Between heaven and hell,1905,Sardinian,Netherlands
The southerner,2012,Turkmen,Malawi
Epidemic,1949,Tajik,Moldova
Das boot,1997,Wolof,Kyrgyz Republic
I will survive,1950,Romansh,Guatemala
Army of one,1953,Afrikaans,United States of America
Anna karenina,1988,Thai,Latvia
The sacrifice / directed by andrei tarkovsky,1943,Sinhala,Liechtenstein
All creatures great and small: the specials,1913,Lingala,Croatia
The jeffersons: season 3,1950,Portuguese,Burundi
Guilty as sin,1933,Kongo,Montenegro
The boys club,2010,Western Frisian,Moldova
Dragon ball z: majin buu,1946,Sango,New Zealand
Summer thunder,2016,Bosnian,Isle of Man
Love me,1955,Lingala,Armenia
Priest,2012,Czech,Malaysia
Kelly clarkson: behind hazel eyes,1914,Korean,Timor-Leste
Fleeing by night,1981,Tonga,Slovakia (Slovak Republic)
The king of masks,2000,Limburgan,Libyan Arab Jamahiriya
Dave matthews band: the central park concert,2015,Portuguese,Mauritius
Nazi medicine / the cross and the star: double feature,1966,Tibetan,Myanmar
William gibson: no maps for these territories,2008,Italian,Philippines
Punky brewster: season 1,1998,Panjabi,Singapore
Jin-roh: the wolf brigade,1929,Occitan,Lithuania
New port south,1939,Greek,Lebanon
Blue's clues: blue's room: beyond your wildest dreams!,1993,Korean,Turkmenistan
Satisfaction,1985,Lithuanian,Equatorial Guinea
Smallville: season 4,1967,Western Frisian,Netherlands Antilles
Vovochka,1950,Galician,Nigeria
Girls kissing,2017,Divehi,Costa Rica
Up and down,1906,Marshallese,Bolivia
Anne of green gables: the sequel,1972,Tamil,Sri Lanka
National geographic: ambassador: inside the embassy,1904,Malagasy,Egypt
Out cold,1979,Bambara,Argentina
Ben-hur: collector's edition: bonus material,2007,Basque,Algeria
George carlin: jammin' in new york / doin' it again,1982,Kikuyu,Guinea
Beneath loch ness,2005,Sindhi,Yemen
The war,2017,Swahili,Guinea
Madea's class reunion,1912,Kazakh,Svalbard & Jan Mayen Islands
The boston strangler,2016,Herero,Cayman Islands
Fleetwood mac: tango in the night,1916,French,Russian Federation
Jingle all the way,1936,Italian,Niger
Donnie darko,2018,Rundi,Central African Republic
Sixteen candles,1900,Ganda,Tunisia
Kicked in the head,1945,Vietnamese,Belize
The blue planet: seas of life: tidal seas - coasts,1915,Chinese,British Virgin Islands
Everybody loves raymond: season 2,1923,Quechua,Mauritania
Inspector morse 2: the silent world of nicholas quinn,1984,Kurdish,Afghanistan
Riding the rails: american experience,1916,Tagalog,Uruguay
Just one look,1972,Serbian,Cook Islands
South pacific,1975,Zulu,Niger
Miss marple mysteries: the body in the library,1903,Tahitian,Swaziland
In living color: season 1,1956,Avaric,Lesotho
Our friend martin,2009,Japanese,Croatia
Attack of the killer tomatoes,1900,Tonga,Haiti
The bad seed,1942,Kashmiri,Puerto Rico
Lupin the 3rd: farewell to nostradamus,1988,Albanian,Jersey
The map of sex and love,2007,Tagalog,Macedonia
Kylie minogue: body language live,1951,Galician,French Southern Territories
Evil remains,1920,Romanian,Malta
Love of man,1957,Bosnian,French Polynesia
Top cat: the complete series,1906,Chamorro,Maldives
The poseidon adventure,1915,Bulgarian,Barbados
The triangle,1932,Esperanto,Bosnia and Herzegovina
National geographic: beyond the movie: the lord of the rings,1917,Lao,Czech Republic
Hamlet,1961,South Ndebele,Jordan
The bridge on the river kwai: bonus material,1973,Malayalam,Swaziland
Chariots of the gods,1967,Gujarati,Jamaica
Krippendorf's tribe,2011,Igbo,American Samoa
Mtv: jackass,1996,Sundanese,Macedonia
Cape fear: bonus material,2001,Fulah,Turks and Caicos Islands
The good thief,1982,Hungarian,Cook Islands
Three coins in the fountain,1932,Kannada,Guinea-Bissau
Aitraaz,1987,Zulu,Western Sahara
The odd couple,1903,Faroese,Kuwait
Eden,1950,Belarusian,Saudi Arabia
Superbabies: baby geniuses 2,1982,Herero,Hong Kong
The john wayne collection: vol. 2: riders of destiny / the star packer,1975,Herero,Puerto Rico
Cocoon,1905,Ojibwa,Central African Republic
Classic courtroom movies: mesmerized / death sentence / dishonored lady,1974,Chamorro,British Indian Ocean Territory (Chagos Archipelago)
Outlaw star: vol. 2,1901,Twi,Belgium
Strange frequency,1909,German,Turkey
Greystoke: the legend of tarzan,1931,Navajo,Rwanda
Er: season 1,1906,Slovak,Cook Islands
St. elmo's fire,1984,Thai,Kuwait
Lupin the 3rd: dragon of doom,2006,Gujarati,Guernsey
Vampires vs. zombies,1926,Lao,Sri Lanka
Attack of the 50 ft. woman,1988,Inupiaq,Congo
Dora the explorer: meet diego!,1977,Marathi,India
When the bough breaks,1919,Sichuan Yi,Chile
Godzilla,1918,Slovenian,Central African Republic
Mulholland falls,1936,Chamorro,Palau
Midnight cowboy,1936,Breton,Seychelles
Lilies,1923,Manx,Afghanistan
The outsiders: the complete novel (extended edition),1949,Walloon,Moldova
Thomas & friends: steamies vs. diesels,1956,Uighur,Tajikistan
The shop on main street,1948,Serbian,Belarus
Willie nelson: live at billy bob's texas,1991,Belarusian,Netherlands Antilles
Heavyweights,2011,Church Slavic,Guyana
Fatal instinct,1986,Uighur,Norfolk Island
Martial angels,1967,Interlingue,Trinidad and Tobago
3: the dale earnhardt story,1901,Lao,Ukraine
Mpd psycho,1991,Finnish,Marshall Islands
Thriller: a cruel picture,1930,Shona,Mauritius
Out to sea,1985,Swati,Equatorial Guinea
Sex and the city: season 1,1934,Serbian,Korea
Restless souls,1999,Greek,Jordan
The best of triumph the insult comic dog,1951,South Ndebele,Norfolk Island
Savage garden: the video collection,1967,Venda,Afghanistan
Undisputed,1926,Telugu,Burkina Faso
Barbie of swan lake,1908,Assamese,Zimbabwe
Good neighbors: complete final series,1905,Turkmen,Palestinian Territory
Faerie tale theatre: the little mermaid,1922,Korean,Lebanon
Bus stop,1938,Kongo,Tunisia
Mad city,1907,English,Micronesia
Titanica: imax,1945,Maori,Cote d'Ivoire
The crusaders,1922,Kalaallisut,Gibraltar
Falling for a dancer,1983,Oromo,British Virgin Islands
The grudge,1974,Indonesian,Cuba
Robocop: dark justice,2007,Ganda,Kiribati
Big brother and the holding company with janis joplin: nine hundred nights,1916,Navajo,Micronesia
Sibling rivalry,1989,Zhuang,Bhutan
Butley,1988,Slovenian,Estonia
The replacements,2004,Interlingue,Tanzania
The mountain men,1913,Galician,Cote d'Ivoire
Star trek: voyager: season 1,1936,Ido,Saint Barthelemy
Terror firmer: special edition,1999,Tonga,Ecuador
Bee gees: this is where i came in,1940,Kashmiri,Cyprus
The flight of the phoenix,1953,Spanish,Guernsey
Tie that binds,1988,Inuktitut,India
Classic albums: judas priest: british steel,1907,Finnish,Bulgaria
My stepmother is an alien,1953,Ido,Isle of Man
Law & order: special victims unit: the fifth year,1938,Kazakh,Korea
Lucky break,1902,Hausa,Northern Mariana Islands
Roy orbison: live at austin city limits,1908,Chamorro,Kuwait
Mountains of the moon,2016,Divehi,United Kingdom
Heartbreakers,1922,Spanish,Namibia
House on the edge of the park,1938,Dutch,Italy
In the realm of the senses,1909,Gaelic,Haiti
G.i. joe: valor vs. venom,1989,Hebrew,Syrian Arab Republic
Underground railroad,1992,Igbo,Lithuania
The white dawn,1989,Swati,Saint Helena
The perfect wife,1977,Tamil,Tajikistan
Iris,2004,Yoruba,Somalia
Lucinda williams: live from austin,1941,Breton,Cayman Islands
The autobiography of miss jane pittman,1939,Nauru,Guatemala
Herbie goes to monte carlo,2017,Irish,Saint Vincent and the Grenadines
Body snatchers,2010,Ndonga,Kuwait
The ranch,1920,Tibetan,Chile
Star trek: the motion picture: bonus material,1933,Kirghiz,Mali
Slipknot: welcome to our neighborhood,1964,Cree,Isle of Man
Touching evil: series 2,1930,Catalan,Vietnam
Billy connolly: erect for 30 years,1966,Bashkir,Norfolk Island
Inspector morse 29: the way through the woods,1942,Russian,Sudan
Hitman's code,2001,Bihari languages,Spain
That's entertainment 2,2016,Marathi,Anguilla
Presumed innocent,1985,Gaelic,Gambia
Just looking,1959,Marathi,Guinea
Twitch of the death nerve,1925,Occitan,Saint Lucia
The bridge,1913,Dzongkha,Kazakhstan
Hot boyz,1967,Georgian,Cayman Islands
The jeffersons: season 2,1945,Bashkir,New Zealand
Winsor mccay: the master edition,1955,Tamil,Micronesia
Tragic hero,1963,Sanskrit,Mozambique
Deepak chopra: seven spiritual laws & the crystal cave,1926,Fulah,Honduras
Brother,2007,Persian,Martinique
Red green: stuffed and mounted 2,1973,Rundi,Martinique
Broadway damage,1919,Chechen,Fiji
The locusts,1961,Portuguese,United Kingdom
In too deep,1902,Malayalam,Saint Kitts and Nevis
Kull the conqueror,2008,Inupiaq,Angola
Dance with a stranger,1956,Ewe,Rwanda
Pretty boy,1968,Esperanto,Bouvet Island (Bouvetoya)
The way of the gun,1902,Tagalog,Georgia
Jacob's ladder,1988,Basque,Lesotho
Family guy: vol. 1: seasons 1-2,1974,Kirghiz,Mozambique
The 4400: season 1,1968,Tswana,Bangladesh
Butch and sundance: the early days,1999,Tajik,Sweden
Married... with children: season 4,1946,Chechen,Morocco
Love hina: spring movie,1951,Tonga,Jordan
16 years of alcohol,2022,Serbian,Gibraltar
The twilight zone: vol. 3,2022,Finnish,Bermuda
Stripperella: season 1 (uncensored),1988,Central Khmer,Italy
Lois & clark: the new adventures of superman: season 1,1903,Portuguese,Tajikistan
The presidents collection: the democrats,2002,Breton,Algeria
No good deed,1978,Latvian,Wallis and Futuna
Night train to terror,1964,Kuanyama,Nepal
In the flesh,1916,Swati,Japan
Mtv unplugged: classic moments,1988,Aragonese,Bolivia
Wayne's world,1963,Ossetian,Pitcairn Islands
For whom the bell tolls,2015,Kongo,San Marino
The hardy boys nancy drew mysteries: season 1,1925,German,Mauritius
The inspector lynley mysteries: playing for ashes,1999,Hungarian,Christmas Island
Rumpole of the bailey: the lost episode,1925,Romanian,Guinea
After the sunset,2012,Lithuanian,Saint Lucia
Havana,1938,Aragonese,Antigua and Barbuda
Neverland,1977,Kazakh,Bulgaria
Paris is burning,1917,Gujarati,Paraguay
Three's company: season 1,2008,Javanese,Haiti
The larry sanders show: season 1,1924,Malagasy,United Arab Emirates
Care bears: kingdom of caring,1974,Gujarati,Montserrat
Bowling for columbine: bonus material,2012,Limburgan,Morocco
Spies,1933,Dutch,Moldova
The pillow book,1904,North Ndebele,Swaziland
Wwe: the ultimate ric flair collection,2010,Azerbaijani,Vanuatu
Predator: collector's edition,2014,Church Slavic,Jamaica
Iron maiden: the early days,1939,Irish,Mali
Suicide girls: the first tour,1962,Kashmiri,Paraguay
Embedded/live,1924,Venda,New Caledonia
Dark shadows: vol. 8,2011,Dzongkha,Tajikistan
My mother's castle,1969,Norwegian Nynorsk,Azerbaijan
Sally hemings: an american scandal,2007,Javanese,Chile
Dr. jekyll & mr. hyde,1972,Georgian,Netherlands Antilles
Mixed nuts,1979,Tahitian,Falkland Islands (Malvinas)
The abbott & costello show,2001,Kongo,Cuba
Live flesh,1958,Portuguese,Hungary
Bram stoker's shadowbuilder,1989,Kalaallisut,Maldives
Mash: season 2,1997,Vietnamese,Gibraltar
Dragon ball z: androids,1953,Shona,Poland
Wwe: summerslam 2005,1948,Arabic,Botswana
L'avventura,1905,Kikuyu,Northern Mariana Islands
Mlb: 2004 world series,1926,Ewe,Finland
Class action,1981,Ndonga,Denmark
Brian wilson: imagination,1953,Esperanto,Japan
One hour photo,2021,Cree,Norway
Play misty for me,1931,German,Solomon Islands
Sex and the city: season 1,1960,Hiri Motu,Lesotho
Gunparade march,1956,Kirghiz,Croatia
Time of favor,2006,Kuanyama,Gibraltar
Warm springs,1967,Hausa,Saint Pierre and Miquelon
The league of extraordinary gentlemen,1934,Urdu,Mexico
Babe ruth,1929,Kanuri,Botswana
Vanishing point,1995,Burmese,France
Cyborg 009,1949,Japanese,Malawi
Molly,1943,Kazakh,Cocos (Keeling) Islands
Omen iv: the awakening,1996,Kashmiri,Sao Tome and Principe
My favorite broadway: the leading ladies,2002,Avaric,Mayotte
Jean cocteau's orphic trilogy,1929,Bislama,Nicaragua
