name,surname,role_name,movie_id
Jesse,Alvarez,producer,72
Diane,Scott,editor,271
Gregory,Wilson,music composer,259
Kelly,Smith,director,189
Stephanie,Sanchez,camera operator,351
Cameron,Nguyen,costume designer,223
Zachary,Hess,location manager,62
Stacy,Watson,camera operator,168
Elizabeth,Boyd,casting director,167
Adam,Miller,casting director,359
Clayton,Bowen,location manager,11
Robert,Andrews,hair and make-up,50
Christina,Anderson,location manager,56
Heather,Sellers,director,293
Tyler,Jackson,hair and make-up,18
Dominic,Murphy,camera operator,211
Amber,Nguyen,camera operator,361
Kimberly,Miller,music composer,412
Mark,Mcintyre,camera operator,353
Julia,Moore,music composer,415
Laura,Knox,writers,464
Janet,Navarro,costume designer,52
Sharon,Nguyen,camera operator,264
Kristen,Hernandez,location manager,277
Maureen,Dunn,cinematographer,176
Hailey,Larson,director,463
Shawn,James,producer,91
Christopher,Jordan,cinematographer,400
Nicole,Alexander,actor,467
Mark,Gonzales,hair and make-up,448
Nicholas,Young,writers,391
Monique,Banks,editor,370
Angela,Horton,writers,414
Deanna,Mcmillan,cinematographer,47
Zachary,Stephens,camera operator,259
Michael,Walker,casting director,16
Robert,Stone,writers,271
Debra,Kerr,director,154
Dawn,Schroeder,casting director,300
Lucas,Green,location manager,174
Russell,Gill,cinematographer,376
Lisa,Frye,director,451
Mary,Oneill,producer,172
Christopher,Wilson,director,491
Jimmy,Anderson,director,319
Kylie,Kim,casting director,151
Harold,Taylor,cinematographer,342
Kevin,Nelson,cinematographer,476
Michelle,Hayes,cinematographer,264
Holly,Espinoza,writers,56
Alexander,Walker,editor,48
Mark,Graham,editor,160
Lisa,Smith,camera operator,322
Chad,Hill,cinematographer,179
Carlos,Maynard,costume designer,79
Renee,Hodges,director,438
Kathy,Phillips,actor,400
David,Green,actor,170
Samantha,Manning,actor,98
Melissa,Owens,cinematographer,155
Wyatt,Elliott,writers,256
Logan,Thomas,producer,377
Linda,Bailey,cinematographer,85
Timothy,Welch,location manager,266
Walter,Hale,editor,26
David,Baldwin,producer,442
Edwin,Martin,cinematographer,44
James,Phelps,cinematographer,430
Kelsey,Garrett,actor,402
Ryan,Bates,cinematographer,311
Scott,Knight,location manager,159
Todd,Smith,editor,13
Susan,Adams,producer,302
Rodney,Ortiz,writers,300
Charlene,Higgins,producer,76
Billy,Hall,music composer,174
Sarah,Hale,actor,278
Samantha,Jones,cinematographer,14
Jennifer,Jones,director,25
Richard,Heath,costume designer,285
Leroy,Green,actor,306
Rachel,Potter,hair and make-up,183
Richard,Lawson,casting director,495
Lisa,Caldwell,cinematographer,481
Jonathan,Gregory,cinematographer,476
Austin,Kennedy,hair and make-up,310
Hayden,Price,hair and make-up,103
Reginald,Munoz,director,202
Charles,Reynolds,casting director,145
Alyssa,Brown,camera operator,297
Briana,Perez,actor,428
Jason,Jackson,music composer,212
William,Lee,location manager,357
Brenda,Wood,hair and make-up,10
Russell,Gonzales,casting director,260
Johnny,Harrison,actor,65
Christopher,Dawson,location manager,244
Alicia,Harper,location manager,161
Patricia,Howard,producer,104
Gary,Lopez,casting director,412
Julian,Garrison,casting director,438
Howard,Morse,hair and make-up,158
Curtis,Long,cinematographer,215
Roy,Cortez,producer,295
Christian,Francis,casting director,499
Sherry,Dyer,music composer,222
Alexander,Campbell,costume designer,332
David,Howard,location manager,415
Kevin,King,camera operator,312
Robert,Diaz,casting director,131
Ashley,Chen,actor,113
Jesse,Robinson,music composer,84
Ashley,Leblanc,writers,18
Benjamin,Fowler,actor,417
Allen,Key,writers,333
Denise,Jensen,costume designer,256
Sandra,Mann,music composer,94
Debra,Allen,producer,290
Jessica,Cook,location manager,324
Brian,Lopez,music composer,78
Ryan,Smith,music composer,279
Christie,Bernard,writers,172
David,Montes,cinematographer,393
Alyssa,Daniel,writers,444
Jamie,Simmons,actor,166
David,Ellis,editor,485
Christine,Edwards,camera operator,310
Ronald,Hooper,producer,125
Nicole,Meyers,music composer,41
Vanessa,Wood,camera operator,431
Brent,Ward,producer,137
Joseph,Gilbert,casting director,8
Jennifer,Ali,actor,377
Margaret,Harding,director,495
Michael,Jensen,location manager,418
Timothy,Pena,location manager,242
Rachel,Mclean,music composer,163
Cathy,Hughes,producer,484
Dawn,Williams,actor,401
Nichole,Mendez,music composer,274
Stephanie,Cantu,hair and make-up,376
Christopher,Moreno,music composer,496
Nicholas,Butler,editor,184
Sara,Davis,camera operator,354
Mary,Jackson,costume designer,285
Ashley,Mccarthy,costume designer,13
Carlos,Walker,director,167
Dylan,Wise,director,278
Alejandro,Sanders,actor,442
Rebecca,Hudson,editor,24
Cheryl,Mann,writers,140
Brandy,Garcia,music composer,34
Sara,Rice,producer,100
Ricky,Salas,cinematographer,317
Jennifer,Johnson,hair and make-up,7
Tara,Blanchard,camera operator,250
Robert,Anderson,editor,200
Teresa,Taylor,costume designer,200
Chelsea,Garcia,camera operator,222
Deborah,Molina,editor,411
Mary,Baker,writers,342
Rachel,Stewart,editor,303
Bradley,Anderson,writers,154
Amanda,Clark,hair and make-up,408
Cynthia,Johnson,editor,319
Kimberly,Finley,director,426
Stephen,Scott,editor,439
Julian,Taylor,director,196
Julie,Hartman,actor,193
Tammy,Simpson,hair and make-up,183
Dave,Chavez,director,180
Brenda,Ashley,producer,226
Deborah,Gonzalez,cinematographer,46
Jason,Wolfe,camera operator,463
Mary,Hobbs,location manager,431
Joseph,Holloway,editor,122
Cindy,Mayer,casting director,224
Robert,Chen,casting director,245
Kathleen,Benton,producer,26
Christian,Boyer,location manager,409
Carol,Roy,costume designer,432
Thomas,Cook,casting director,266
Collin,Miller,director,335
Curtis,Walsh,director,225
Cassandra,Acosta,camera operator,259
Morgan,Caldwell,director,475
Juan,Becker,actor,346
Kenneth,Mccann,director,68
David,Porter,editor,447
Christopher,Henderson,producer,404
Eileen,Garcia,music composer,32
Michelle,Pacheco,writers,195
Luis,Chavez,producer,381
Tamara,Cruz,director,334
Theresa,Wang,actor,363
Tyler,Stevenson,hair and make-up,281
Wayne,Young,editor,171
Robert,Simpson,costume designer,36
Reginald,Hill,casting director,424
Amanda,Cardenas,producer,159
Dustin,Hamilton,writers,367
Ana,Anderson,producer,479
Eric,Flores,location manager,364
James,Hernandez,actor,135
Heather,Carney,editor,387
Alec,Roberts,casting director,149
Jessica,Thornton,camera operator,101
Michael,Davis,editor,315
Kelly,Romero,cinematographer,217
Dawn,Wood,costume designer,347
Pamela,Murray,costume designer,468
Justin,Miles,cinematographer,349
Brian,Thomas,casting director,477
Amber,Pena,cinematographer,112
Kristi,Holder,camera operator,105
Jose,Logan,camera operator,135
Jared,Howard,editor,59
Charles,Fernandez,editor,163
James,Stewart,costume designer,161
Samuel,Rose,producer,99
Jack,Leon,director,5
Jessica,English,writers,445
Peter,Mann,hair and make-up,145
David,Dixon,casting director,324
Sarah,Kennedy,music composer,67
Holly,Vaughan,music composer,91
Stephanie,Evans,costume designer,241
Bryce,Smith,camera operator,423
Darren,Barnes,actor,33
William,Dillon,music composer,199
Shannon,Shannon,camera operator,79
William,Tucker,producer,156
Barbara,Stewart,casting director,416
Ann,Flowers,writers,68
Samantha,Moore,director,424
Frank,Murphy,writers,123
Brian,Wise,cinematographer,94
Richard,Lawson,director,257
Robert,Alvarez,hair and make-up,240
Mary,Rodriguez,music composer,402
John,Travis,cinematographer,83
Rebecca,Scott,editor,190
Tracy,Lopez,writers,184
Anthony,Moses,editor,186
Autumn,Adams,cinematographer,31
Rebecca,Rose,camera operator,371
Steve,Walters,cinematographer,241
William,Thompson,editor,9
Sierra,Molina,director,22
Michael,Holder,writers,182
Cathy,Velasquez,writers,23
Elijah,Chavez,actor,158
Jennifer,Jackson,editor,83
Morgan,Wilson,producer,482
Elizabeth,Scott,music composer,345
Chad,White,cinematographer,311
Eileen,Perez,editor,419
Kyle,Cameron,costume designer,119
Brandy,Zimmerman,camera operator,419
Ashley,Miller,producer,145
Marcia,Bennett,hair and make-up,126
Deborah,Garcia,casting director,86
Christina,Pitts,director,17
Lorraine,Williams,actor,411
Renee,Ellison,location manager,467
Alexis,Briggs,producer,156
Michael,Anderson,music composer,252
Kevin,Miller,costume designer,287
James,Gardner,location manager,252
David,Hampton,camera operator,408
Ashley,Jackson,actor,45
Jason,Hall,music composer,72
Renee,Hartman,location manager,449
Sandra,Wells,location manager,179
Ryan,Evans,costume designer,139
Kristina,Strickland,location manager,166
Julie,Johnson,music composer,26
Vincent,Browning,producer,234
Christina,Johnson,hair and make-up,242
Jason,Finley,actor,484
Gary,Harrison,camera operator,365
Sarah,Martin,casting director,264
Jack,Saunders,hair and make-up,362
Jacob,Jefferson,hair and make-up,196
Crystal,Ruiz,cinematographer,40
Richard,Hoover,cinematographer,68
Susan,Byrd,music composer,289
John,Cuevas,casting director,287
Susan,Parker,music composer,207
Danny,Dennis,location manager,214
Nancy,Blackburn,location manager,129
Jonathan,Miller,location manager,272
Hannah,Sparks,actor,499
Jennifer,Lewis,casting director,362
Javier,Chavez,costume designer,332
Charles,Watson,writers,164
Brian,Jackson,hair and make-up,111
Christina,Schmidt,editor,242
Daniel,Gardner,director,60
Joan,Blankenship,director,130
Kathleen,Ortiz,camera operator,178
Tonya,Holt,producer,258
Brittany,Weeks,cinematographer,196
Patrick,Nguyen,costume designer,29
Jasmine,Logan,director,39
Alexis,Hensley,camera operator,414
Craig,Bullock,music composer,103
Cynthia,Barrett,camera operator,135
Rebecca,Brown,cinematographer,168
Joshua,Finley,hair and make-up,447
Brandon,Hernandez,music composer,44
Brenda,Carter,hair and make-up,152
Arthur,Cruz,location manager,424
Alexandria,Harris,camera operator,152
Nathan,Stark,casting director,140
Dana,Barber,costume designer,282
Jason,Acosta,costume designer,434
Patricia,Berg,costume designer,178
Mark,Mccormick,music composer,260
Brittany,White,casting director,417
Jennifer,Reyes,location manager,357
Jennifer,Brown,camera operator,266
Lisa,Moore,camera operator,486
Grant,Foley,camera operator,170
Nicole,Ross,producer,363
William,Andrade,costume designer,315
Scott,Russo,casting director,257
Paul,Prince,writers,447
Jessica,Mitchell,writers,82
Brittany,Martin,director,358
Nicholas,Walters,costume designer,347
Matthew,Kelly,casting director,297
Peter,Mata,cinematographer,283
Samuel,Williams,location manager,140
Anita,Wright,location manager,384
Amber,Gonzales,camera operator,251
Ricky,Murray,location manager,447
Whitney,Mcgrath,editor,402
Robert,West,location manager,421
Linda,Davis,writers,110
Jennifer,Smith,writers,375
Edward,Clements,producer,445
Erica,Gonzalez,director,170
Jessica,Brennan,producer,50
Devin,Young,actor,400
John,Miller,producer,3
Michael,Edwards,casting director,62
Bonnie,Williams,producer,225
Jamie,Gutierrez,editor,329
Julie,Edwards,costume designer,80
John,Frey,editor,440
Brooke,Martinez,location manager,449
John,Jensen,costume designer,24
Dennis,Elliott,music composer,123
Taylor,Holland,producer,206
Linda,Kelly,music composer,268
Courtney,Berry,hair and make-up,327
Tammie,Odonnell,editor,436
Christine,Reid,editor,278
Jeffrey,Gill,casting director,1
Tina,Yu,costume designer,403
Billy,Fernandez,hair and make-up,471
Chelsea,Crawford,costume designer,384
Mark,Caldwell,costume designer,68
Thomas,Estes,actor,409
Brian,Kelley,camera operator,169
Jorge,Lopez,hair and make-up,358
Rebekah,Arellano,camera operator,106
Linda,Mccann,music composer,436
Kathleen,Andrews,director,270
Clinton,Stewart,music composer,65
Sarah,Tate,director,156
Cody,Jordan,costume designer,221
Gregory,Cook,costume designer,360
Patricia,Reilly,camera operator,414
Jeffrey,Morris,music composer,98
Ronald,Booth,editor,163
Daniel,Lewis,hair and make-up,419
Jason,Cooper,director,296
Christina,Baker,location manager,260
Heather,Glass,cinematographer,469
Aaron,Brown,music composer,121
Michael,Spencer,hair and make-up,461
Sherri,Barnett,camera operator,164
Derek,Eaton,hair and make-up,1
Victoria,Dawson,casting director,171
Roger,Steele,location manager,95
Jay,Griffin,camera operator,247
Tanya,Lyons,cinematographer,213
Jessica,Maldonado,actor,428
Sabrina,Taylor,music composer,61
Eddie,Taylor,camera operator,456
Michelle,Walker,cinematographer,206
Crystal,Roberts,editor,45
Andrea,Moon,costume designer,21
Ernest,Stewart,hair and make-up,121
Thomas,Hart,producer,92
Jessica,Sharp,hair and make-up,58
Lindsay,Curtis,editor,454
Nathan,James,actor,339
Christine,Rice,location manager,245
Alyssa,Scott,hair and make-up,324
John,Hoffman,casting director,377
Daniel,Anderson,hair and make-up,411
Shelby,Olsen,producer,349
Peter,Ferguson,director,448
David,Gardner,writers,105
Cheryl,Alvarado,costume designer,358
Joshua,Bray,producer,303
Andrea,Arroyo,director,53
Tammy,Martinez,director,69
Tyler,Peterson,music composer,274
Rhonda,Liu,casting director,238
Michael,Burgess,writers,480
George,Vance,costume designer,394
Jeffrey,Johnson,actor,152
William,Palmer,casting director,165
Michael,Romero,actor,14
James,Rose,director,412
Christopher,Wagner,hair and make-up,280
Karen,Pace,producer,88
Linda,Hughes,director,388
Annette,Lynch,camera operator,54
Jasmine,Flores,director,146
Ralph,Martinez,editor,242
Amy,Rowland,editor,360
Dean,Ashley,camera operator,262
Teresa,Perez,music composer,447
Robert,Freeman,costume designer,291
Diane,Cooley,casting director,298
Christopher,Carney,cinematographer,1
Sierra,Taylor,costume designer,263
Curtis,Wagner,producer,285
Scott,Crane,camera operator,340
Charles,Lewis,location manager,432
Jennifer,Allen,cinematographer,434
Sharon,Wolfe,writers,115
Ryan,Garza,casting director,107
Samantha,Rodriguez,camera operator,130
Mario,Bush,director,181
Leah,Carrillo,actor,330
Kathleen,Jackson,costume designer,480
Jennifer,Miller,location manager,38
Shannon,Kaufman,producer,477
Stephanie,Kelly,casting director,463
Michael,Hayes,location manager,305
Michelle,Allen,writers,140
Natasha,Morris,producer,293
Brandi,James,costume designer,111
Brooke,Greene,producer,327
Eric,Larson,casting director,184
Sarah,Bowman,music composer,204
Matthew,Wright,writers,137
Chad,Baldwin,casting director,229
Victoria,Ramos,actor,303
Joshua,Gillespie,director,277
Eugene,Wilson,producer,410
Aaron,Gardner,casting director,203
Megan,Potter,editor,317
Edward,Clark,director,256
Marc,Bowman,cinematographer,317
Jessica,Stevens,music composer,387
Amanda,Patterson,camera operator,18
Matthew,Reese,producer,431
Steven,Ferrell,casting director,424
Brittany,Rhodes,actor,447
Jessica,Webb,casting director,87
Audrey,Duffy,costume designer,327
Jon,Ford,casting director,494
Randy,Williams,camera operator,67
Natalie,Sanchez,producer,68
Joshua,Davis,location manager,28
Donna,Morris,actor,359
Michael,Mack,hair and make-up,73
Ashley,Davis,editor,271
Angela,Randolph,music composer,116
Kevin,Hamilton,music composer,144
Barbara,Pruitt,cinematographer,301
Eric,Richardson,editor,68
John,Gonzalez,producer,437
Becky,Conrad,producer,459
Martha,Gonzalez,costume designer,197
Alison,Graham,camera operator,305
William,Powell,cinematographer,367
Kim,Atkins,hair and make-up,36
George,Williams,casting director,381
William,Sharp,editor,317
David,Martinez,cinematographer,209
Henry,Murphy,producer,147
Gabriel,Huff,actor,473
Ryan,Jordan,location manager,67
Douglas,Harvey,music composer,206
Brenda,Castro,hair and make-up,88
Eugene,Bradley,writers,108
Kayla,Simpson,actor,275
Michelle,Gibbs,actor,39
Sara,David,camera operator,77
Richard,Mccarthy,director,301
Karen,Martinez,producer,10
Heather,Reese,producer,134
Bryan,Love,actor,399
Brian,Dawson,camera operator,286
Kevin,Hernandez,director,405
Aaron,Burke,hair and make-up,171
Amy,Walker,writers,105
Kathleen,Cooper,director,116
Catherine,Lucas,producer,21
Amber,Stewart,producer,248
Christopher,Barr,director,377
Charles,Lopez,location manager,72
Rose,Graves,director,320
Shelby,Goodwin,costume designer,319
Amy,Archer,producer,288
Rachel,Zhang,director,287
Brenda,Lang,director,413
Michelle,Campbell,director,402
Stanley,Henderson,writers,398
Matthew,Allen,music composer,484
Christina,Brown,casting director,18
Kimberly,Williams,cinematographer,235
Brian,Farrell,music composer,251
Harold,Powers,producer,215
Debra,Hines,director,48
Sheila,Lynn,hair and make-up,251
Yolanda,Hampton,casting director,49
Rebecca,Cordova,writers,236
Joe,Rogers,writers,82
Nicholas,Morales,location manager,209
Marissa,Lewis,casting director,45
Michael,Luna,producer,252
John,Stephens,producer,125
Yvonne,Lee,costume designer,88
Michelle,Edwards,director,321
Peggy,Hall,actor,37
Lisa,Young,music composer,495
Charles,Thompson,camera operator,394
Victor,Gill,cinematographer,351
David,Jones,writers,56
Sarah,Hall,casting director,101
Brandon,Cobb,camera operator,445
Manuel,Rocha,casting director,115
Peggy,Robinson,actor,384
James,Johnson,actor,49
Katelyn,Flores,actor,61
Charles,George,hair and make-up,52
Stanley,Gutierrez,writers,9
Aaron,Gay,location manager,322
Scott,Garcia,writers,234
Eric,Casey,director,394
Christopher,Morales,music composer,314
Brian,Cook,music composer,381
Jonathan,Montoya,costume designer,218
Joel,Miller,costume designer,269
Miguel,Brown,producer,71
Natalie,Duncan,music composer,371
Alexis,Rodriguez,writers,257
Cindy,Moon,actor,363
Nicole,Castillo,editor,109
Lisa,Schwartz,casting director,5
Samantha,Hoffman,editor,438
Stephen,Kelly,cinematographer,104
Melissa,Bennett,director,74
Rose,Melton,director,474
David,Copeland,casting director,89
Jacob,Erickson,director,102
Jonathan,Clark,director,144
Curtis,Holloway,cinematographer,374
Matthew,Sanchez,producer,184
Seth,Lewis,actor,420
Kristy,Wright,editor,98
Brittany,Ramirez,costume designer,57
James,Harrington,editor,212
Adam,Hanson,director,369
Maria,Ferrell,music composer,207
Matthew,Jenkins,camera operator,465
George,Roach,editor,208
Peter,Miller,editor,244
Kimberly,Wood,editor,493
Luis,Baker,casting director,26
Christopher,Holt,producer,168
David,Owens,editor,108
Shannon,Becker,writers,496
Jason,Watson,costume designer,386
Dwayne,Hughes,costume designer,255
Christopher,Graham,actor,426
Cindy,Salazar,camera operator,67
Cheryl,Brown,hair and make-up,481
Chase,Vaughn,hair and make-up,62
Angel,Shelton,producer,405
Antonio,Ross,actor,45
Laura,Johnston,camera operator,216
John,Cobb,editor,127
Rachel,Mason,casting director,91
Linda,Reilly,actor,315
Blake,Holmes,actor,425
Andrea,Pierce,music composer,471
Deborah,Berry,music composer,109
Adam,Avery,writers,420
Joseph,Williams,cinematographer,148
Martha,Butler,director,442
Thomas,Anderson,director,78
Sheena,Richardson,writers,33
Lisa,Smith,casting director,111
Vincent,Barton,hair and make-up,135
Matthew,Cortez,actor,58
Mary,Hendrix,camera operator,329
Donna,Owen,costume designer,356
Chad,Gomez,music composer,437
Jennifer,Fisher,writers,451
Jodi,Drake,costume designer,182
Jason,Rodgers,location manager,414
Brittany,Black,location manager,315
Gabriella,Schneider,actor,292
John,Walsh,location manager,428
Joy,Garcia,hair and make-up,222
Diane,Reeves,director,88
Tiffany,Williams,music composer,296
Allison,Parker,location manager,421
Carol,Fisher,location manager,150
Justin,Flynn,producer,486
Kevin,Shepherd,costume designer,485
Jennifer,Douglas,music composer,137
Joshua,Davenport,costume designer,94
Ricky,Mendez,camera operator,119
Ronald,Newton,director,24
Catherine,Perkins,camera operator,405
Eric,Gonzales,actor,273
Jennifer,Martinez,music composer,426
Eric,Reeves,costume designer,259
Matthew,Hoffman,music composer,341
Christina,Nguyen,music composer,116
Laura,Beard,actor,21
Phillip,Reed,producer,433
Thomas,Davis,music composer,385
Douglas,Fernandez,location manager,188
Luke,Miller,hair and make-up,13
Nancy,Bridges,editor,208
Amber,Burns,costume designer,261
John,Smith,hair and make-up,448
Megan,Garcia,hair and make-up,499
Timothy,Robinson,music composer,359
Judith,Lewis,hair and make-up,493
Tracy,Smith,casting director,213
Crystal,Thompson,cinematographer,343
Patrick,Mitchell,director,86
Brett,Rhodes,actor,485
Diana,Meyer,camera operator,175
Tonya,Simpson,hair and make-up,251
Cynthia,Alexander,writers,201
Laura,Maxwell,hair and make-up,277
Steven,Williams,producer,89
Anthony,Benitez,location manager,70
Andrew,Erickson,cinematographer,499
Michael,Harper,hair and make-up,142
Kristi,Travis,camera operator,152
Erika,Williams,editor,339
Troy,Jefferson,producer,361
Douglas,Martinez,producer,175
Johnny,Black,casting director,183
Wayne,Anthony,costume designer,450
Krista,Braun,casting director,339
Todd,Wilson,producer,97
Laura,Perry,director,40
Ronald,Scott,casting director,491
Christopher,Alvarez,writers,171
Steven,Weaver,location manager,69
Andre,Fletcher,producer,79
Katherine,Wilkerson,actor,81
Daniel,Reilly,music composer,403
Nancy,Watson,writers,321
Casey,Miller,writers,396
Jennifer,Warren,actor,77
Peggy,Butler,costume designer,77
Melanie,Benitez,actor,46
Leroy,Hudson,editor,303
Miguel,Nelson,writers,423
Andrea,Rodgers,producer,115
Kevin,Lewis,casting director,371
Mary,Mathews,actor,128
Kenneth,Ross,editor,318
Amy,Griffin,hair and make-up,187
Mary,Lamb,camera operator,14
Allison,Wilson,director,101
Keith,Juarez,cinematographer,323
Charles,Brooks,camera operator,495
Daniel,Warren,camera operator,308
Brittany,Baker,director,195
Renee,Daugherty,actor,450
Paige,Russo,producer,256
Melissa,Braun,costume designer,56
James,Singleton,editor,429
Nathan,Doyle,costume designer,419
Anthony,Mathews,editor,426
Shannon,Arroyo,location manager,134
Julie,Smith,casting director,103
Cindy,Grant,cinematographer,364
Nathaniel,Morrison,costume designer,118
Greg,Simmons,producer,290
Bryan,Russell,location manager,365
Stephen,Miller,actor,242
Douglas,Fowler,cinematographer,445
Mary,Roy,location manager,360
Robert,Wiley,producer,351
Joyce,Robertson,camera operator,149
Jason,Smith,actor,44
Monique,Cook,writers,14
Gabriel,Mcclain,writers,58
Melissa,White,costume designer,206
Aaron,Hardy,producer,317
Susan,Lucero,camera operator,372
Jennifer,Carter,location manager,483
Lisa,Bowen,actor,336
Shannon,Goodwin,camera operator,116
Michael,Davis,music composer,393
Andrew,Fitzpatrick,producer,275
Alexis,Andrews,camera operator,18
Amber,Ryan,costume designer,145
Adam,Burnett,camera operator,195
Bryan,Valencia,editor,244
Cathy,Arellano,director,51
Alexandra,King,location manager,13
Margaret,Benson,hair and make-up,357
Adam,Whitehead,hair and make-up,436
Karen,Williams,producer,480
Andrea,Williams,editor,37
Victoria,Carson,costume designer,81
Matthew,Gonzalez,location manager,208
Sean,Rodriguez,director,88
Melissa,Dodson,director,226
Ryan,Patton,director,3
Robert,Johnson,music composer,283
Jennifer,Valdez,editor,90
Alyssa,Yates,editor,469
Joanne,Lester,writers,122
James,Erickson,hair and make-up,351
Megan,Campbell,actor,83
Kristen,Newman,music composer,324
Jeffrey,Gonzalez,hair and make-up,115
James,Gibson,music composer,134
Jacob,Robertson,hair and make-up,426
Scott,Gomez,costume designer,48
Lisa,Goodwin,writers,51
Amy,Brown,hair and make-up,34
Brenda,Walker,actor,366
Monica,Jennings,producer,120
Keith,Rhodes,cinematographer,430
Carol,Hill,casting director,465
Ricky,Young,casting director,336
Thomas,Ward,actor,246
Joyce,Ramirez,producer,48
Susan,Espinoza,camera operator,269
Benjamin,Martin,actor,52
Tiffany,Gibson,location manager,242
Michael,Stevens,location manager,367
Robert,Barr,producer,164
Kevin,Miller,cinematographer,396
Emily,Griffin,hair and make-up,388
Elaine,Romero,cinematographer,234
Alexander,Smith,camera operator,276
Frances,Becker,producer,58
Cody,Greer,hair and make-up,76
Melinda,Rios,costume designer,1
Carolyn,Hall,cinematographer,462
Sheryl,Snyder,location manager,9
Jeffrey,Rhodes,actor,99
Amanda,Fuentes,camera operator,459
Aaron,Williams,costume designer,362
Heather,Lewis,producer,84
Mary,Todd,producer,455
Rodney,Hill,location manager,366
Emily,Thornton,editor,310
Kathryn,Duncan,editor,307
Micheal,Pope,director,304
Ryan,Campos,actor,359
Lori,Blair,camera operator,450
Caitlin,Phillips,camera operator,63
Thomas,Rosario,hair and make-up,315
James,Smith,editor,469
Jose,Callahan,producer,311
Catherine,Barron,actor,137
Alexandra,Washington,cinematographer,183
Amy,Shields,location manager,412
Krista,Brewer,director,401
Carly,Gilmore,casting director,443
Steve,Werner,casting director,135
Brenda,Schmidt,location manager,42
Alfred,Hobbs,camera operator,150
Tiffany,Hunter,hair and make-up,101
Patrick,Clarke,producer,87
Andrew,Sanchez,hair and make-up,381
Misty,Gonzalez,hair and make-up,408
Vincent,Montgomery,director,135
Christina,Parker,location manager,2
Tanya,Webster,producer,160
Holly,Obrien,director,135
Danielle,Brewer,music composer,420
Gregory,Bruce,hair and make-up,339
Daniel,Thomas,casting director,171
Michael,Robinson,hair and make-up,393
Michael,Snow,hair and make-up,19
Patrick,Garcia,casting director,127
Jennifer,Burton,location manager,371
Jessica,Parker,location manager,451
Russell,Thompson,casting director,407
Theresa,Berry,actor,100
Stephanie,Henderson,casting director,452
Stephen,Harris,writers,365
Sean,Ortiz,casting director,123
Lisa,Kramer,music composer,408
Christopher,Aguilar,cinematographer,148
Mary,Ford,camera operator,209
Leslie,Flores,actor,222
Bryan,Webster,cinematographer,71
Ryan,Davis,casting director,23
Carol,Mcfarland,location manager,62
Donald,Chapman,costume designer,237
Brian,Jackson,director,440
Haley,Brown,director,327
Samantha,Warren,director,440
Mikayla,Cruz,hair and make-up,25
Christina,Romero,music composer,15
Sonia,Dunn,hair and make-up,121
Shawn,Hernandez,hair and make-up,315
Michael,Hill,hair and make-up,80
Gina,Morse,cinematographer,12
Scott,Boyd,producer,222
Brianna,Graham,cinematographer,456
Linda,Melton,location manager,20
Anne,Carlson,director,204
Erica,Nichols,casting director,95
Anita,Porter,costume designer,331
Amanda,Murphy,cinematographer,67
Stephanie,Chavez,writers,63
Jacqueline,Christian,editor,141
Nicole,Holder,location manager,103
Kimberly,Wagner,casting director,183
Ian,Perkins,camera operator,217
Bethany,Wheeler,director,244
Anthony,Rogers,camera operator,17
Timothy,Carney,editor,211
Donna,Vega,camera operator,331
Abigail,Rice,producer,2
Shawn,Carr,producer,375
Nicholas,Robertson,actor,125
Allen,Richardson,actor,212
Laura,Flynn,director,420
Denise,Madden,writers,353
Mark,Curtis,writers,380
Jennifer,Johnson,editor,492
Yolanda,Hamilton,editor,404
Denise,Thompson,hair and make-up,399
William,Garrison,director,151
Mike,Lozano,producer,130
Christopher,Schultz,location manager,14
Ronald,Ford,camera operator,484
Jeffrey,Ward,casting director,356
Charles,Chapman,editor,53
Brandon,Tucker,costume designer,416
Sandra,Buck,camera operator,454
Virginia,Delacruz,writers,463
Kristi,Smith,cinematographer,228
Jacqueline,Flores,costume designer,52
Paige,Hester,music composer,162
Amanda,Stanley,location manager,8
Robin,Harris,cinematographer,266
Kristen,Cox,costume designer,80
Edward,Molina,casting director,295
Charlotte,Johnson,actor,165
Joseph,Larson,casting director,110
Aaron,Chang,costume designer,100
Nicole,Cantrell,director,247
Pamela,Lewis,producer,14
Mark,Sullivan,actor,149
Beth,Douglas,director,286
Thomas,Douglas,producer,436
Larry,Rodriguez,director,472
Jennifer,Sellers,casting director,13
Michelle,Gonzalez,location manager,482
Ryan,Cooper,costume designer,67
Jennifer,Hood,director,344
John,Haynes,costume designer,241
Douglas,Jenkins,actor,314
Lucas,Phillips,writers,51
Anthony,Ellis,costume designer,256
Lisa,Reid,hair and make-up,96
Michael,Jones,actor,88
Sandy,Collins,costume designer,486
Alan,Snyder,camera operator,361
Emily,Kim,director,117
Amanda,Villa,casting director,377
Thomas,Morgan,writers,427
Daniel,Nguyen,location manager,470
Tina,Mcdonald,camera operator,118
Scott,Sanchez,actor,351
Morgan,Ortega,editor,181
Wesley,Mitchell,writers,494
Wayne,Long,costume designer,362
Kenneth,Kramer,hair and make-up,13
Johnny,Patrick,music composer,499
Nicholas,Baker,music composer,487
Anthony,Anderson,casting director,81
Jason,Huff,writers,458
Kayla,Richardson,writers,4
Juan,Green,writers,339
Julie,Martin,actor,100
Shirley,Reed,location manager,261
Travis,Green,music composer,244
Angela,Howard,casting director,23
Alexandra,Herrera,casting director,313
Phillip,Johnson,actor,467
Alexa,Moore,producer,465
Donna,Baxter,cinematographer,18
Kaitlyn,Thomas,actor,471
Cynthia,Ramos,cinematographer,33
Jared,Buchanan,casting director,202
Kristin,Garrison,camera operator,90
Christian,Adkins,camera operator,101
Patricia,Gamble,hair and make-up,230
Ryan,Wilson,camera operator,227
Thomas,Watkins,casting director,176
Billy,Lawson,casting director,229
Gregory,Douglas,costume designer,146
Patricia,Thomas,casting director,120
Thomas,Norton,music composer,170
David,Farrell,actor,213
Brianna,Taylor,director,330
Barbara,Molina,hair and make-up,421
Raymond,Scott,editor,54
Ryan,Johnson,camera operator,92
David,Oconnor,location manager,359
Ana,Rice,location manager,400
Kenneth,Riddle,location manager,281
Shawn,Patrick,music composer,444
Jeffery,Lawrence,camera operator,499
Thomas,Diaz,camera operator,179
Sherry,Rocha,editor,54
Ariel,Webb,editor,360
Tina,Barber,casting director,333
Charles,Mann,director,295
Julie,Patterson,costume designer,284
Aaron,Stewart,music composer,397
Kathy,Logan,writers,306
Jacob,Jones,hair and make-up,15
Julia,Barron,music composer,451
Melissa,Smith,writers,257
Nicole,Jackson,editor,335
Cynthia,Poole,costume designer,181
Jorge,Martinez,camera operator,255
Margaret,Potter,cinematographer,111
Matthew,Acosta,costume designer,22
Dawn,Lewis,costume designer,482
Elizabeth,Becker,actor,170
Tiffany,Poole,costume designer,437
Karen,Hernandez,camera operator,24
Lucas,Brown,location manager,145
David,Smith,location manager,132
Crystal,Murphy,hair and make-up,129
David,Smith,cinematographer,161
Jason,Cervantes,hair and make-up,31
Keith,Paul,costume designer,499
Janet,Stone,location manager,73
Jeffrey,Patrick,director,407
Emily,Moore,actor,293
Michelle,Vazquez,writers,39
James,James,music composer,386
Susan,Hayden,editor,254
Samantha,Curtis,camera operator,233
John,Thomas,producer,456
Sharon,Chaney,casting director,333
Fernando,Norman,location manager,16
James,Banks,music composer,177
Jennifer,Schneider,writers,24
Sharon,Michael,actor,418
Henry,Evans,costume designer,481
William,Johnson,actor,265
Sean,Flores,editor,496
Vicki,Scott,location manager,112
Sophia,Ray,location manager,362
David,Simmons,cinematographer,1
Nathan,Le,hair and make-up,154
Martin,Wood,producer,47
Kyle,Davis,camera operator,31
Donald,Johnson,casting director,275
Mia,Harris,location manager,127
Tracy,Cook,editor,141
Daniel,Roth,director,282
Stephen,Hall,editor,331
Robert,Boyer,costume designer,364
Ebony,Hill,editor,33
Donna,White,costume designer,418
Mark,Barrett,location manager,126
Curtis,Hayes,editor,433
Valerie,Torres,music composer,362
Brandon,Hoover,costume designer,490
Karen,Moody,cinematographer,151
Jason,Weber,camera operator,66
Michael,Robles,editor,365
Scott,Clark,writers,295
Kathryn,Kirk,location manager,397
Mary,Rice,director,30
Karen,Bailey,hair and make-up,364
Elizabeth,Bowman,casting director,220
Eric,Roth,editor,80
Mary,Munoz,actor,343
Susan,Edwards,camera operator,63
Laurie,Jenkins,producer,146
Alexis,Brown,casting director,292
James,Roy,director,170
Ryan,Ward,producer,136
Maurice,Anderson,director,413
Julie,Schwartz,costume designer,101
Brenda,Kim,editor,419
Christopher,Macdonald,music composer,433
Duane,Peterson,writers,275
Bonnie,Stewart,casting director,444
Alan,Pierce,costume designer,161
Colin,Taylor,actor,227
Danielle,Potts,camera operator,190
Deborah,Reyes,casting director,376
Nicole,Bennett,casting director,113
Shannon,Terrell,producer,477
Hunter,Rios,location manager,489
Sandra,Kelly,music composer,36
Jacob,Sloan,editor,252
Theresa,Rice,writers,396
Frank,Martin,camera operator,99
Richard,Montoya,music composer,160
Shane,Nielsen,producer,47
Corey,Bell,cinematographer,403
Michael,Glass,location manager,441
Stephanie,Doyle,editor,143
Tamara,Page,hair and make-up,170
Lindsay,Roman,editor,354
Diana,Montgomery,actor,188
Tiffany,Castaneda,hair and make-up,489
Toni,Bryant,camera operator,173
Walter,Cox,cinematographer,416
Nicole,Ward,cinematographer,260
Karen,Davis,director,284
Marissa,Martinez,cinematographer,374
Gregory,Garcia,hair and make-up,389
Marcus,Williams,hair and make-up,367
Scott,Morris,actor,409
Jeffery,Johnson,cinematographer,294
Donna,Beltran,director,36
Gregory,Coleman,location manager,453
Christine,White,cinematographer,23
Paula,Green,actor,277
Samantha,Bryant,camera operator,351
Judy,Wagner,director,81
Sara,Bell,writers,58
Sherri,Floyd,cinematographer,154
Linda,Turner,actor,406
Kimberly,Hunt,casting director,321
Roger,Russell,editor,456
Daniel,Maldonado,costume designer,335
Lisa,Day,actor,484
Jonathan,Howard,editor,446
Jennifer,Shah,music composer,478
Melissa,Snyder,location manager,391
William,Garcia,hair and make-up,65
Cynthia,Williams,writers,434
Victoria,Hernandez,director,418
Kristin,Johnson,music composer,456
Edward,Rogers,hair and make-up,96
Jeremy,Marshall,writers,208
Erica,Butler,cinematographer,86
Jacob,Hernandez,music composer,245
James,Clark,writers,72
Antonio,Williams,actor,241
Jody,Melendez,cinematographer,335
Wendy,Johnson,camera operator,480
Jesse,Garcia,casting director,413
Joshua,Peterson,writers,438
Maria,Lee,editor,249
Cynthia,Bailey,actor,348
Crystal,Lester,producer,280
Michael,Moran,director,226
Brian,Smith,costume designer,217
Samantha,Hartman,costume designer,408
Amy,King,writers,49
Jeremiah,Wang,camera operator,1
Phillip,Rodriguez,hair and make-up,388
Raymond,Frazier,casting director,344
Katherine,David,actor,292
Jeremiah,Hensley,casting director,464
Brian,Wells,producer,284
Charles,Jones,editor,180
Denise,Johnson,casting director,419
Steven,Campbell,casting director,407
Jorge,Olson,hair and make-up,410
Phyllis,Lee,writers,11
Nathan,Ball,producer,334
Debra,Baker,costume designer,301
Patricia,Hill,hair and make-up,452
Jessica,Galvan,editor,45
Brittany,Parker,director,377
Matthew,Wright,location manager,395
Erica,Gibson,producer,62
Dawn,Gonzalez,cinematographer,11
Gabriela,Dixon,music composer,394
Chelsea,Turner,costume designer,328
Charles,Larson,cinematographer,114
Nicole,Williams,cinematographer,381
Ray,Hernandez,hair and make-up,208
Yolanda,Allen,location manager,214
Wendy,Jones,actor,490
Tyrone,Cole,music composer,113
Eric,Harris,producer,188
Lauren,Joyce,hair and make-up,152
Christopher,Ramos,casting director,428
David,Dean,casting director,340
John,Lopez,casting director,31
Heather,Wilson,camera operator,26
William,Phillips,producer,452
Jordan,Martin,editor,163
Nicole,Turner,hair and make-up,372
Samantha,West,hair and make-up,93
John,Craig,costume designer,39
David,Lee,location manager,422
Robin,Garrett,camera operator,230
Gregory,Thomas,camera operator,288
Diana,Coleman,producer,459
Joseph,Ward,hair and make-up,441
Zachary,Patterson,director,160
John,Tran,costume designer,209
Joe,Stewart,writers,4
Timothy,Willis,actor,118
Samantha,Turner,writers,78
Rhonda,James,director,92
Alexis,Lyons,hair and make-up,279
Lindsey,Harrison,location manager,112
Mark,Schultz,hair and make-up,314
James,Mills,producer,282
Peter,Chapman,music composer,128
Daniel,Smith,director,57
Trevor,Boyd,actor,98
Micheal,Moore,camera operator,374
Willie,Lynch,camera operator,334
Francisco,Summers,location manager,325
Melissa,Graham,camera operator,270
Jonathan,Gallegos,actor,479
Joseph,Castro,music composer,6
Lori,Nunez,cinematographer,29
April,Riley,hair and make-up,30
Stephen,Smith,director,420
Tommy,Edwards,location manager,374
Nicole,Fleming,location manager,84
Sydney,Michael,editor,455
Shannon,Cooke,director,238
Derek,Gray,producer,156
Cory,Moon,location manager,49
Melissa,Peters,camera operator,332
John,Kennedy,hair and make-up,489
Kathryn,Torres,camera operator,412
Brent,Mccall,cinematographer,57
Jacob,Schultz,director,135
Stanley,Hunter,music composer,169
Adam,Perez,camera operator,363
Robert,Patterson,camera operator,117
Tyler,Sandoval,casting director,170
Kevin,Bennett,music composer,31
Janet,Wang,writers,411
Angela,Bennett,director,132
Lindsey,Johnson,director,157
Bryan,Turner,director,203
Sheila,King,producer,126
April,Foster,camera operator,12
Matthew,Faulkner,costume designer,141
Sandra,Nguyen,hair and make-up,18
Valerie,Holmes,location manager,242
Jessica,Jones,camera operator,169
Brendan,Woodward,location manager,470
Michael,Stephenson,camera operator,350
Jessica,Rodriguez,location manager,219
Barbara,Gutierrez,writers,486
Gilbert,Odonnell,costume designer,321
Brittany,Rodgers,music composer,267
David,Perry,editor,443
Amy,Boyle,hair and make-up,221
John,Jenkins,location manager,186
Christopher,Jimenez,casting director,273
Catherine,Ward,hair and make-up,319
Stanley,Holmes,costume designer,115
Allen,Clarke,producer,129
Mary,Hart,location manager,321
Crystal,Brooks,writers,268
Christopher,Huff,location manager,413
Natasha,Smith,producer,190
Brian,Wolfe,actor,82
Alec,Knight,music composer,329
Daniel,Robinson,camera operator,327
Laura,Smith,camera operator,102
Ashley,Nolan,hair and make-up,128
Robert,Williams,director,75
Andrea,Page,hair and make-up,9
Tricia,Herman,casting director,393
David,Lopez,actor,496
Casey,Dunlap,music composer,315
Alicia,Patton,music composer,324
Angela,Harrington,camera operator,391
James,Hall,costume designer,397
Mathew,Lewis,camera operator,378
Vanessa,Oconnor,music composer,328
Lisa,Gray,writers,227
Stephanie,Barrett,location manager,107
Ronald,Koch,actor,211
Katelyn,King,camera operator,47
Charles,Griffin,hair and make-up,437
Katherine,Edwards,editor,363
David,Cruz,costume designer,409
Margaret,Wise,hair and make-up,364
Jackson,Johnson,casting director,4
Vanessa,Taylor,music composer,458
Victoria,Newman,camera operator,312
Charles,Johnson,actor,18
Denise,Thompson,writers,447
Michael,Garcia,writers,140
Shannon,Mccullough,costume designer,143
Frank,Pitts,hair and make-up,73
Matthew,Brown,editor,63
Joshua,Bernard,hair and make-up,186
Karen,Harmon,editor,345
Douglas,Martin,camera operator,176
April,White,writers,134
Jamie,Scott,camera operator,224
Elizabeth,Sellers,director,75
Jeremy,Morgan,producer,383
Angela,Burns,hair and make-up,292
Alexandra,Morrow,music composer,44
Angela,Tucker,hair and make-up,447
Amanda,Waller,camera operator,96
Sarah,Oconnor,cinematographer,276
Kristi,Morton,actor,380
Eric,Hernandez,hair and make-up,459
Daniel,Smith,cinematographer,107
Jeffrey,Shaffer,casting director,109
Randy,Ho,writers,411
Andrew,Nguyen,casting director,174
Todd,Hooper,hair and make-up,359
Timothy,York,director,499
Amber,Miller,location manager,81
Diana,Shaw,cinematographer,130
Jeffrey,Bryant,music composer,93
Bradley,Cooper,casting director,287
Jesse,Pierce,location manager,26
Sarah,Taylor,producer,385
Jason,Wade,costume designer,212
Samantha,Bishop,costume designer,281
Thomas,Johnson,producer,326
Max,Watson,location manager,226
Charles,Wolfe,editor,277
Gloria,Acosta,director,443
Deanna,Riley,camera operator,6
John,Ortiz,casting director,413
Mary,Patel,hair and make-up,496
Jessica,Bell,costume designer,136
Logan,Hopkins,writers,133
Audrey,Schroeder,producer,20
Denise,Saunders,producer,195
William,Clark,casting director,424
Laura,Marquez,writers,301
Brenda,Allen,camera operator,125
Brendan,Baker,actor,64
Christine,Cline,cinematographer,472
Daniel,Roth,hair and make-up,300
Sharon,Fisher,actor,85
Michael,Hernandez,producer,408
Amy,Rasmussen,writers,267
Craig,Clayton,music composer,44
Tracy,Hernandez,cinematographer,153
Maria,Sweeney,hair and make-up,64
Suzanne,Davies,editor,231
Kathy,Hobbs,producer,26
Sandra,Mccormick,costume designer,333
Ronald,Hardy,costume designer,67
Andrew,Valenzuela,camera operator,272
Mary,Johnson,camera operator,477
Martha,Nelson,casting director,52
Eric,Salinas,costume designer,373
Christine,Salinas,camera operator,310
David,Bailey,camera operator,172
Charles,Richardson,location manager,154
Tina,Jackson,hair and make-up,389
Mackenzie,Romero,location manager,235
Lawrence,Medina,costume designer,248
Mackenzie,Avila,camera operator,238
Erin,Alexander,editor,268
Jeffrey,Hall,casting director,499
Paul,Taylor,actor,493
Anthony,Clay,director,38
Sandra,Marsh,editor,41
Kristina,Stevens,casting director,48
Jessica,Harris,actor,165
Michael,Huerta,location manager,176
Donald,Weeks,producer,150
Jacob,Brooks,editor,33
Michael,Boyd,camera operator,39
Joseph,Richards,producer,234
Zachary,Craig,cinematographer,410
Stanley,Sparks,cinematographer,271
Brittany,Dean,editor,201
Brittany,Curry,cinematographer,28
Kristine,Garner,hair and make-up,62
Mariah,Smith,writers,120
Mary,Ramirez,editor,157
Marissa,Cole,hair and make-up,104
Mary,Rodriguez,writers,48
Maria,Hayes,hair and make-up,99
Kevin,Green,actor,1
Edward,Davis,music composer,209
April,Lee,location manager,380
Jacqueline,Crawford,actor,329
Amy,Smith,actor,33
Beth,Wright,location manager,169
Tiffany,Lynch,writers,32
Betty,Lewis,casting director,125
Alan,Thomas,location manager,81
Jennifer,Scott,writers,85
Robert,Bennett,casting director,36
Sharon,Carpenter,location manager,125
Glenn,Rivera,music composer,273
Martin,White,writers,35
Catherine,Lowe,hair and make-up,339
Katherine,Summers,costume designer,18
Paul,Parker,camera operator,184
Jessica,Martinez,director,5
Richard,Johnson,casting director,41
Ebony,Ewing,camera operator,182
Eric,Odonnell,camera operator,496
Christy,Hughes,producer,396
Jose,Mcdonald,camera operator,111
Lisa,Morales,costume designer,334
Jessica,Pittman,music composer,161
William,Cunningham,costume designer,82
Alisha,Carter,director,154
Yvonne,Strong,music composer,333
Harold,Santana,editor,234
Tanya,Evans,actor,27
Robert,Hernandez,location manager,331
Cheryl,Gilmore,camera operator,147
Martha,Rich,camera operator,347
Dwayne,Andrews,editor,281
Timothy,Chapman,editor,321
Emily,Elliott,hair and make-up,460
Peter,Carter,location manager,414
Catherine,Gutierrez,actor,307
Kara,Johnson,writers,331
Michelle,Henderson,costume designer,378
Sean,Moore,costume designer,204
Lisa,Joseph,editor,251
Kimberly,Webb,cinematographer,352
Wendy,Russell,music composer,220
Jennifer,Olson,camera operator,26
Breanna,Myers,casting director,231
Bill,Howard,cinematographer,488
Todd,Pratt,actor,449
Brian,Powers,location manager,446
Judy,Howard,camera operator,41
Jonathan,Mitchell,location manager,278
Jesus,Young,cinematographer,333
Andrea,Jones,actor,335
Jennifer,Mcgee,producer,7
Anthony,Clark,camera operator,210
Kimberly,Herrera,cinematographer,406
Mitchell,Walker,location manager,377
Natalie,Daniels,actor,66
Carmen,Cohen,director,445
Nicholas,Kennedy,hair and make-up,302
Sharon,Rice,cinematographer,425
James,Brown,music composer,167
Ronald,Ellis,writers,453
Scott,Sawyer,cinematographer,337
Jason,Bennett,costume designer,111
Sharon,Cantu,director,412
Melissa,Fox,producer,481
Mary,Gates,casting director,135
Benjamin,Edwards,hair and make-up,383
Rachel,Smith,director,388
Emily,Fry,music composer,463
Janice,Murphy,editor,395
Arthur,Brown,casting director,311
Crystal,Garcia,director,300
Patricia,Odom,costume designer,383
Allison,Bender,hair and make-up,97
Mario,Lam,location manager,494
Tanya,Chavez,director,286
Tara,Doyle,music composer,91
John,Murray,director,246
Tammie,Powell,director,493
Sherry,Ryan,location manager,110
Ashley,Walker,costume designer,210
Jennifer,Pierce,music composer,130
Daniel,Gonzalez,cinematographer,337
Dakota,Shepherd,editor,35
Michael,Hernandez,music composer,67
Sarah,Dorsey,producer,180
Leah,Brown,director,12
Melissa,Massey,music composer,255
James,Bean,writers,467
Sandy,Ramsey,writers,185
Leslie,Rodriguez,editor,80
Jeffrey,Ramirez,actor,20
Alison,Phillips,director,200
Robert,Brewer,cinematographer,438
Jasmin,Andrews,director,394
Tara,Joseph,hair and make-up,407
Paul,Daniels,actor,239
Rachel,Marks,costume designer,118
Holly,Stone,director,403
Carolyn,Miller,writers,69
Joshua,Wilkins,location manager,354
John,Maldonado,costume designer,266
Kevin,Davidson,actor,214
Joseph,Stone,music composer,76
Laura,Hughes,music composer,267
Spencer,Reyes,music composer,194
Anthony,Robinson,costume designer,387
Kimberly,Chavez,location manager,229
Rachel,Lambert,casting director,3
Jasmine,Torres,editor,479
Evan,Mayo,hair and make-up,494
Lori,Davies,actor,84
Paula,Farrell,location manager,357
Julie,Ramos,cinematographer,51
Robert,Waters,producer,452
Rachel,Sharp,camera operator,382
Johnny,Rodriguez,music composer,296
Nathan,Turner,writers,266
Lisa,Smith,music composer,408
Brent,Baker,editor,32
Ryan,Ward,camera operator,66
Lauren,King,location manager,330
Mark,Vincent,music composer,363
Christopher,Tate,producer,160
Matthew,Johnson,director,478
Earl,Collins,music composer,485
Timothy,Walker,producer,126
Christian,Fisher,casting director,83
Felicia,Tran,director,227
Jonathon,Davila,director,16
Christine,Wood,hair and make-up,369
Paula,Jones,writers,118
Penny,Townsend,music composer,217
Ethan,Bell,location manager,149
Andrew,Daniel,cinematographer,356
Tamara,Chang,location manager,114
Nicole,Anderson,hair and make-up,89
Matthew,Fisher,director,324
Robert,Clements,director,175
Laura,Perez,costume designer,19
Amy,Chung,writers,41
Deborah,Smith,costume designer,35
Juan,Davis,hair and make-up,333
Robin,Sullivan,location manager,82
Jessica,Smith,casting director,325
Robert,Torres,location manager,454
Madison,Gibbs,costume designer,225
Tracy,Padilla,casting director,309
William,Hamilton,music composer,89
Jason,Walker,camera operator,175
Stacy,Matthews,casting director,421
Joshua,Miller,writers,157
Stefanie,Austin,camera operator,379
Linda,Cole,actor,404
Patrick,Schwartz,location manager,197
Carlos,Mckee,director,216
Isabel,Rivera,actor,454
Tracy,Stephens,camera operator,251
Robert,Lee,actor,234
Paul,Mason,camera operator,126
James,Bennett,director,139
John,Lee,camera operator,315
Peter,Jackson,music composer,108
David,Miller,casting director,238
Blake,Pittman,writers,313
George,Berry,editor,132
Billy,Sullivan,casting director,111
Joan,Zimmerman,camera operator,284
Mathew,Lee,costume designer,230
Jesse,Greer,costume designer,35
Melissa,Friedman,location manager,289
Rebecca,Hudson,location manager,240
Kendra,Terrell,camera operator,298
William,Wilson,cinematographer,258
John,Dunlap,writers,1
Shawn,Gonzalez,camera operator,255
Taylor,Dunn,editor,116
Chelsea,Spence,actor,244
Thomas,Carpenter,producer,248
Rebecca,Branch,editor,71
Samantha,Moore,writers,67
Eric,Moody,casting director,129
April,Stein,casting director,384
Mary,Reynolds,casting director,352
Kelly,Wheeler,casting director,386
Shelley,Wilson,camera operator,415
Debra,Nguyen,hair and make-up,481
Tammy,Kim,editor,59
David,Bartlett,hair and make-up,449
Matthew,Doyle,music composer,221
Carla,Austin,actor,59
Austin,Brown,location manager,118
Sherri,Carey,cinematographer,458
Travis,Johnson,costume designer,87
Alan,Curtis,costume designer,85
Kristen,Goodman,camera operator,250
Lindsay,Clark,hair and make-up,440
Ann,Peterson,editor,226
Susan,Villa,writers,7
Victoria,Garcia,casting director,212
Kaitlyn,Owen,hair and make-up,362
Sharon,Lawson,director,316
Melinda,Cabrera,hair and make-up,475
Shawn,Crawford,costume designer,23
Nicholas,Garcia,editor,178
Tim,Diaz,music composer,267
Michael,Wilson,costume designer,446
Melvin,Padilla,camera operator,324
Cynthia,Tran,writers,411
David,Montgomery,hair and make-up,456
James,Mitchell,director,127
Melissa,Hall,hair and make-up,336
Jennifer,Mccullough,costume designer,134
Bryce,Rodriguez,editor,39
Meghan,Harper,music composer,202
Lynn,Yates,camera operator,354
Carrie,Sawyer,writers,198
Tonya,Scott,director,441
Sandra,Sherman,music composer,55
Jacqueline,Martinez,casting director,311
Aaron,Phillips,camera operator,395
Brandon,Burns,writers,335
David,Barrett,writers,475
Amanda,Camacho,camera operator,161
Patrick,Wall,writers,129
Jonathan,Martin,hair and make-up,339
Arthur,Clark,music composer,272
Emily,Griffin,actor,25
Joann,Robles,cinematographer,268
Diana,Wood,actor,264
Amanda,Mcmillan,music composer,99
Cynthia,Bell,costume designer,402
Christopher,Dalton,editor,56
Jacqueline,Hart,editor,250
Martha,Wallace,hair and make-up,39
Scott,Wiggins,director,334
Amanda,Simpson,costume designer,260
Scott,Fischer,location manager,287
Janet,Taylor,editor,313
Kristin,Stevens,camera operator,132
Christopher,Stein,camera operator,382
Hayden,Cross,producer,156
Bradley,Phillips,camera operator,86
Natalie,Barr,director,174
Troy,Ellis,music composer,383
Jonathan,Peterson,producer,491
Casey,Lopez,writers,324
Stacy,Mckenzie,costume designer,452
Matthew,Hooper,camera operator,177
Carlos,Durham,casting director,497
Amanda,Mccullough,actor,199
Linda,Campbell,producer,456
Kelly,Summers,writers,340
Brian,Harmon,writers,242
Rachael,Lewis,camera operator,38
Matthew,Smith,cinematographer,14
Carlos,Mitchell,cinematographer,447
Diana,Erickson,actor,362
Raymond,Thornton,hair and make-up,305
Jeremy,Smith,actor,272
Julie,Munoz,hair and make-up,258
Christopher,Brown,director,299
Lindsey,Pearson,producer,312
Stephen,Schultz,producer,432
Maria,Gross,director,453
Rita,Barber,costume designer,31
Kathy,Beard,editor,108
Gregory,Singh,costume designer,355
Mike,Shaw,director,87
Donna,Dean,actor,169
Christopher,Jimenez,cinematographer,153
Brandon,Copeland,location manager,213
Elizabeth,Richard,writers,79
Laura,Kennedy,writers,330
Brian,Riggs,editor,225
Gregory,Andersen,cinematographer,475
Philip,Lyons,editor,227
Terri,Stewart,casting director,41
Kaylee,Cruz,producer,350
Brian,Gonzales,casting director,75
Jeffrey,Barnes,actor,305
Austin,Ellison,editor,352
Richard,Rodriguez,editor,400
John,Meyers,costume designer,310
Jason,Rhodes,cinematographer,247
Michael,Moore,music composer,428
Stephanie,Burgess,music composer,484
Allison,Lopez,director,303
Anthony,Sanchez,director,69
Amy,Decker,writers,250
Stuart,Fuller,cinematographer,8
Angela,Gutierrez,cinematographer,22
Kyle,Smith,hair and make-up,317
Matthew,Collier,producer,417
Melinda,Edwards,hair and make-up,288
James,Carson,costume designer,225
Barbara,Smith,editor,134
David,Gay,editor,78
Kayla,Johnson,camera operator,323
Mary,Castaneda,hair and make-up,139
Deborah,Chavez,writers,360
Brian,Scott,camera operator,386
Katherine,Frank,director,396
Miranda,Barrett,hair and make-up,77
Michael,Day,location manager,491
James,Pitts,camera operator,151
Christopher,White,writers,449
Kara,Kelly,costume designer,359
Christopher,Williams,actor,53
Jeremy,Best,director,458
William,Barnes,writers,329
Jessica,Barnes,music composer,212
Bethany,Norman,editor,103
Jerome,Davis,hair and make-up,74
Jeff,Warren,hair and make-up,112
Jocelyn,Johnson,actor,336
Ian,Romero,location manager,483
James,Newton,cinematographer,499
Vicki,Aguirre,actor,130
Jeremy,Boyd,director,17
Jacob,Edwards,costume designer,313
Nicole,Brown,hair and make-up,37
Christopher,Padilla,music composer,268
Becky,Mccarthy,location manager,73
Linda,Gonzalez,writers,461
Linda,Day,music composer,6
Andrew,Gates,actor,200
Thomas,Rivas,costume designer,490
Robert,Brown,cinematographer,120
Beth,Bates,casting director,300
Thomas,Johnson,costume designer,45
Larry,Johnson,actor,500
Edward,Baker,location manager,236
Michael,Zamora,location manager,150
David,Ray,hair and make-up,252
Denise,Dalton,cinematographer,372
Maurice,Williams,director,420
Jacqueline,Brooks,cinematographer,179
Jackson,Carrillo,camera operator,338
David,Merritt,costume designer,241
Sierra,Miller,casting director,50
Thomas,Andrews,director,361
Monica,Lloyd,camera operator,143
Justin,Phillips,cinematographer,34
Robert,Smith,camera operator,395
Vanessa,Zavala,editor,346
Catherine,Adams,location manager,493
Austin,Morris,music composer,187
Christine,Young,cinematographer,456
Matthew,Swanson,location manager,249
David,Gray,location manager,281
Francisco,Jimenez,costume designer,425
Deborah,Neal,costume designer,350
Jason,Barry,hair and make-up,486
Jennifer,Young,music composer,448
Nicolas,Bates,casting director,176
Thomas,Escobar,producer,440
Teresa,Snyder,costume designer,422
Juan,Davis,camera operator,368
Michael,Atkins,casting director,219
Shelley,Davis,camera operator,259
Dawn,Foster,actor,384
Pamela,Bennett,casting director,363
Jesus,King,cinematographer,119
John,Robinson,director,95
Beth,Dominguez,music composer,109
Anthony,Mueller,costume designer,202
Marc,Martin,location manager,23
Amanda,Johnson,costume designer,413
Daniel,Clark,editor,59
Derrick,Ho,producer,7
Debra,Cummings,casting director,304
Erika,Bird,producer,200
Michael,Perry,casting director,257
Bryan,Brown,producer,224
Amy,French,editor,83
Alexander,Crawford,producer,251
Deborah,Cochran,location manager,42
Kelly,Perry,hair and make-up,225
Barbara,Sherman,actor,425
Frances,Rose,costume designer,28
John,Smith,hair and make-up,204
Michael,Knight,costume designer,66
Matthew,Yoder,casting director,107
Barbara,Johnson,cinematographer,146
Danny,Brown,producer,414
Lauren,Castillo,actor,150
Jessica,Watkins,actor,256
Kimberly,Roberson,casting director,446
Rebecca,Martin,location manager,100
Julie,Vance,casting director,83
Stacie,Vega,producer,93
Ronnie,Hartman,producer,343
Ryan,Hansen,writers,240
Michael,Thompson,costume designer,252
Phyllis,Dickson,producer,479
David,Moody,location manager,81
Lori,Mooney,music composer,349
Jody,Peters,camera operator,321
Gregory,Casey,camera operator,58
Dale,Haney,music composer,44
Susan,Lewis,music composer,212
Catherine,Morgan,actor,90
Angelica,Ortega,hair and make-up,189
Laurie,Hughes,editor,225
Christina,Martin,hair and make-up,59
James,Charles,director,83
Amanda,Estes,music composer,321
Melanie,Blair,actor,390
Deborah,Walker,music composer,177
William,Robinson,music composer,57
Sarah,Martin,location manager,131
Julie,Anderson,producer,57
Stephanie,Gonzalez,music composer,366
Joseph,Bradford,location manager,366
Anna,Fitzgerald,writers,312
Judy,Calderon,producer,468
Philip,Norris,cinematographer,341
Teresa,Gomez,hair and make-up,356
Joseph,Gonzalez,music composer,445
Jennifer,Watson,costume designer,95
Cory,Lawrence,camera operator,377
Leah,Mcmillan,editor,222
Jessica,Williams,casting director,231
Jessica,Arellano,cinematographer,14
Dennis,Hernandez,director,116
Stephen,Morales,cinematographer,469
Catherine,Scott,editor,67
Jonathan,Christian,camera operator,482
Anne,Burch,producer,302
Crystal,Allen,director,456
Patrick,Pena,editor,414
Stephanie,Lane,producer,395
Theresa,Lawrence,director,232
Donald,Nelson,producer,339
Mike,Morris,editor,215
Evan,Golden,camera operator,88
David,Aguirre,costume designer,271
Natalie,Whitney,casting director,204
Lisa,Jones,writers,304
David,Bell,casting director,480
Emily,Pratt,hair and make-up,61
Tony,Patterson,cinematographer,276
Paul,Fuentes,cinematographer,328
Victor,Logan,cinematographer,399
Christine,Tucker,editor,151
Cassie,Henderson,writers,331
James,Estrada,director,470
Alan,Baxter,writers,487
Laura,Murray,costume designer,441
Thomas,Romero,actor,96
Kevin,Mullen,music composer,261
Caleb,Williams,music composer,69
Christina,Smith,music composer,296
Robert,Williams,cinematographer,284
Bradley,Hoover,hair and make-up,249
Andrew,Hamilton,location manager,404
Amy,Lee,music composer,471
Gabriel,White,location manager,39
Tiffany,Clements,casting director,135
Brent,Middleton,costume designer,43
Michelle,Wilkins,director,120
Travis,Adams,camera operator,496
Gabriela,Meadows,music composer,3
Chelsea,Jones,cinematographer,338
Carmen,Fields,casting director,259
Brandon,Jackson,editor,462
April,Andrade,music composer,450
Crystal,Lowe,actor,326
Michelle,Christian,editor,215
Robert,Garcia,actor,251
Douglas,Nielsen,editor,255
Cassandra,Jones,casting director,331
Richard,Baxter,cinematographer,350
Gary,Booker,camera operator,96
Sean,Gilbert,cinematographer,272
Michael,Chavez,camera operator,404
Sheri,Foley,editor,491
Robert,Cole,hair and make-up,499
Dennis,Smith,casting director,74
Robert,Ball,actor,420
Gary,Gomez,casting director,361
Sarah,Franklin,actor,341
Daryl,Anderson,cinematographer,297
Randy,Levine,casting director,238
Joseph,Fernandez,costume designer,363
Mary,Haney,editor,325
Jacob,Mendoza,hair and make-up,194
Courtney,Carter,music composer,403
Katherine,Macdonald,actor,465
Ethan,Randall,producer,3
James,Morgan,hair and make-up,204
Christopher,Henderson,cinematographer,124
David,Buchanan,music composer,87
Samantha,Parsons,cinematographer,29
Janice,Robinson,hair and make-up,170
Samantha,Webster,cinematographer,335
Cameron,Jones,location manager,306
Christopher,Grant,actor,193
Sheri,Sandoval,music composer,117
Catherine,Ferguson,editor,418
Shawn,Mendez,writers,72
James,Hill,director,138
Michael,Barton,camera operator,333
Henry,Jordan,cinematographer,160
Seth,Lewis,producer,308
Timothy,Austin,location manager,284
Roy,Adams,director,236
Sarah,Galvan,casting director,144
Gina,Prince,director,123
Diane,Peterson,location manager,27
Brenda,Burgess,hair and make-up,87
Isaac,Hoover,actor,450
Frank,Berry,casting director,269
Peter,Baldwin,costume designer,398
Benjamin,Brown,producer,490
Brian,Owens,director,475
David,Holland,producer,154
Jenna,Thomas,casting director,153
Gloria,Harris,camera operator,292
Michael,Olson,costume designer,404
Kenneth,Donaldson,producer,96
Amanda,Tapia,writers,441
Monique,Henry,casting director,294
Natalie,Ruiz,actor,275
Tyler,Lopez,actor,218
John,Hunt,producer,346
Raymond,Knight,hair and make-up,80
Kathleen,Perez,director,390
Nicole,Hernandez,costume designer,450
Shawna,Torres,camera operator,408
Angela,Wise,camera operator,177
William,Johnson,director,399
Marco,Turner,hair and make-up,108
Joanne,Acevedo,hair and make-up,305
Kenneth,Alvarez,casting director,73
Tricia,Smith,actor,14
Michael,Walker,director,254
Rebecca,Nelson,location manager,265
Summer,Robinson,cinematographer,447
Sheri,Rodriguez,costume designer,74
Andrew,Allen,costume designer,306
John,Daniel,writers,64
Michael,Davis,writers,435
Melissa,Cunningham,director,38
Abigail,Santiago,editor,408
David,Williams,location manager,286
Christopher,Clark,writers,252
Charles,Turner,casting director,241
Alejandra,Leon,location manager,204
Richard,Brown,costume designer,297
Steven,Gibson,music composer,418
Jennifer,Baker,casting director,277
Andrew,Chavez,cinematographer,65
Patrick,Collins,casting director,263
Kristen,Walsh,camera operator,33
Heather,Martin,director,165
Sarah,Ferguson,costume designer,99
Melissa,Clark,costume designer,339
Lisa,Scott,casting director,241
Douglas,Hill,cinematographer,252
Donald,Jordan,location manager,320
Terri,Riggs,director,147
Timothy,Gray,camera operator,288
Jeremy,Mosley,music composer,160
Shelby,Castro,hair and make-up,321
Pamela,Riley,location manager,377
Rebecca,Bennett,location manager,44
Jamie,Johnson,costume designer,16
Jerry,Green,camera operator,23
Margaret,Walker,costume designer,270
Brandy,Perez,editor,362
Seth,Cooper,editor,312
Jared,Garcia,hair and make-up,150
Troy,Marshall,editor,364
Lisa,Ferguson,location manager,12
Erin,Hughes,producer,53
Jesse,Simpson,costume designer,124
Michelle,Ortiz,writers,238
Jeffery,Reynolds,camera operator,403
Roy,Townsend,director,441
Traci,May,casting director,333
Darren,King,camera operator,91
Allen,Lee,producer,113
Nicole,Thomas,camera operator,336
Cory,Brown,casting director,207
Christopher,Wolfe,editor,56
Kristin,Jones,director,488
Gregory,Peterson,actor,48
David,Chapman,music composer,302
Vicki,Hill,music composer,141
Beth,Evans,costume designer,262
Cory,Matthews,hair and make-up,401
Zachary,Stewart,hair and make-up,181
Paul,Curtis,hair and make-up,127
Diana,White,cinematographer,96
Albert,Anderson,casting director,86
Jonathan,Johnson,costume designer,151
Andrew,West,cinematographer,65
Randall,Bates,actor,152
Melissa,Elliott,director,214
Melissa,Sanchez,producer,388
Luis,Miller,writers,206
Gina,Perkins,editor,464
Bryan,Johnson,music composer,437
Kelly,Owen,director,36
Nicole,Smith,casting director,360
Brandon,Hall,producer,235
Denise,Beck,music composer,346
Frances,Hayes,hair and make-up,357
Robert,Phillips,costume designer,332
Sherry,Harris,director,301
Natalie,Brown,music composer,304
Christopher,Martinez,costume designer,342
William,Gray,location manager,351
Jessica,Williams,costume designer,392
Austin,Porter,director,83
Keith,Johnson,writers,50
Marcus,Sharp,actor,425
Vicki,Cruz,actor,378
Mathew,Jacobs,director,129
Christina,Flynn,costume designer,225
Katie,Stanley,cinematographer,31
Jamie,Berry,music composer,270
Stephanie,Rodriguez,cinematographer,390
Tiffany,Snyder,hair and make-up,258
Rachel,Brooks,hair and make-up,225
Robert,Brown,cinematographer,75
Emily,Mitchell,editor,76
Steven,Thomas,costume designer,401
Sean,Acosta,editor,449
Sandra,Gibson,hair and make-up,475
Amanda,Richardson,director,111
Leslie,Dixon,director,382
Luis,Nolan,director,172
Shannon,Graves,writers,57
Jason,Burch,editor,244
George,Hamilton,actor,198
Jenna,Gonzalez,writers,275
Erin,Vincent,costume designer,130
Julia,Johnson,location manager,166
Albert,Flowers,music composer,217
Julie,Foster,casting director,167
Richard,Porter,location manager,431
Krystal,Fletcher,location manager,81
Donna,Zimmerman,casting director,309
Laura,Navarro,actor,251
Adam,Myers,writers,141
Michelle,Hicks,costume designer,471
Alexander,Carter,music composer,206
Shannon,Mendoza,costume designer,439
Steve,Barber,costume designer,413
Jeff,Cook,location manager,85
Hayley,Sanchez,hair and make-up,9
Hayden,Costa,music composer,54
Erika,James,actor,227
Laurie,Daugherty,actor,162
Victor,Davis,hair and make-up,487
Travis,Webster,director,233
Alexis,Garza,writers,64
Lindsay,Young,producer,421
Erika,Pope,director,259
Austin,Jones,camera operator,452
Cindy,Zimmerman,costume designer,234
Michael,Pearson,costume designer,125
Phillip,Norris,editor,497
Joshua,Gallagher,producer,339
Rebecca,Thomas,music composer,181
Alexandra,Nguyen,casting director,350
Jessica,King,camera operator,223
Eric,Walker,camera operator,348
Eric,Lynch,camera operator,111
Erik,Pham,editor,4
Sharon,Powell,hair and make-up,397
Craig,Williams,camera operator,411
Amy,Murray,writers,40
Shane,Ramos,director,45
Kelly,Perez,editor,300
Michael,Jones,cinematographer,294
Jeffery,Russo,actor,99
Carolyn,Miranda,costume designer,53
Suzanne,Lin,producer,107
Shane,Snow,director,243
Jermaine,Nunez,costume designer,19
Brandi,Newton,writers,232
Lynn,Leonard,costume designer,243
Angela,Adams,actor,331
Martha,Obrien,costume designer,202
Brian,Davis,casting director,437
